/*
 Navicat Premium Dump SQL

 Source Server         : LMysql
 Source Server Type    : MySQL
 Source Server Version : 80030 (8.0.30)
 Source Host           : localhost:3306
 Source Schema         : inv_escalafon

 Target Server Type    : MySQL
 Target Server Version : 80030 (8.0.30)
 File Encoding         : 65001

 Date: 02/05/2025 23:01:24
*/

SET NAMES utf8mb4;
SET FOREIGN_KEY_CHECKS = 0;

-- ----------------------------
-- Table structure for caja
-- ----------------------------
DROP TABLE IF EXISTS `caja`;
CREATE TABLE `caja`  (
  `id_caja` int NOT NULL,
  `caja_num_let` varchar(255) CHARACTER SET utf8mb4 COLLATE utf8mb4_spanish2_ci NULL DEFAULT NULL,
  `caja_tipo_per` varchar(255) CHARACTER SET utf8mb4 COLLATE utf8mb4_spanish2_ci NULL DEFAULT NULL,
  `id_est` int NULL DEFAULT NULL,
  `id_inst` int NULL DEFAULT NULL,
  `caja_obs` varchar(500) CHARACTER SET utf8mb4 COLLATE utf8mb4_spanish2_ci NULL DEFAULT NULL,
  PRIMARY KEY (`id_caja`) USING BTREE,
  INDEX `fk_caja_est`(`id_est` ASC) USING BTREE,
  INDEX `fk_caja_inst`(`id_inst` ASC) USING BTREE,
  CONSTRAINT `fk_caja_est` FOREIGN KEY (`id_est`) REFERENCES `estado` (`id_est`) ON DELETE RESTRICT ON UPDATE RESTRICT,
  CONSTRAINT `fk_caja_inst` FOREIGN KEY (`id_inst`) REFERENCES `institucion` (`id_inst`) ON DELETE RESTRICT ON UPDATE RESTRICT
) ENGINE = InnoDB CHARACTER SET = utf8mb4 COLLATE = utf8mb4_spanish2_ci ROW_FORMAT = DYNAMIC;

-- ----------------------------
-- Records of caja
-- ----------------------------
INSERT INTO `caja` VALUES (3, '24', 'DOCENTES', 1, 3, 'NO ESPECIFICADO (TECNOLÓGICO Y PEDAGÓGICO)');
INSERT INTO `caja` VALUES (6, '01', 'DOCENTES', 1, 12, 'primera caja - activos');
INSERT INTO `caja` VALUES (7, '02', 'DOCENTES', 1, 12, NULL);
INSERT INTO `caja` VALUES (8, '03', 'DOCENTES', 1, 12, NULL);
INSERT INTO `caja` VALUES (17, '18', 'DOCENTES', 1, 10, NULL);
INSERT INTO `caja` VALUES (18, '21', 'DOCENTES', 1, 5, 'OJO.- ROJAS GORDILLO CARLOS E. REASIGNADO DE NUÑOA A AZANGARO');
INSERT INTO `caja` VALUES (27, '04', 'DOCENTES', 1, 12, NULL);
INSERT INTO `caja` VALUES (28, '05', 'DOCENTES', 1, 12, NULL);
INSERT INTO `caja` VALUES (29, '06', 'DOCENTES', 1, 12, NULL);
INSERT INTO `caja` VALUES (30, '07', 'DOCENTES', 1, 12, NULL);
INSERT INTO `caja` VALUES (31, '08', 'DOCENTES', 1, 12, NULL);
INSERT INTO `caja` VALUES (32, '09', 'DOCENTES', 1, 12, NULL);
INSERT INTO `caja` VALUES (33, '10', 'ADMINISTRATIVOS', 1, 12, NULL);
INSERT INTO `caja` VALUES (34, '11', 'ADMINISTRATIVOS', 1, 12, NULL);
INSERT INTO `caja` VALUES (35, '12', 'ADMINISTRATIVOS', 1, 12, NULL);
INSERT INTO `caja` VALUES (36, '13', 'ADMINISTRATIVOS', 1, 12, NULL);
INSERT INTO `caja` VALUES (37, '14', 'DOCENTES Y ADMINISTRATIVOS', 1, 13, NULL);
INSERT INTO `caja` VALUES (38, '15', 'DOCENTES', 1, 14, NULL);
INSERT INTO `caja` VALUES (40, '16', 'ADMINISTRATIVOS', 1, 14, NULL);
INSERT INTO `caja` VALUES (41, '17', 'DOCENTES Y ADMINISTRATIVOS', 1, 15, 'caja 18 y 19');
INSERT INTO `caja` VALUES (42, '29', 'DOCENTES', 1, 16, NULL);
INSERT INTO `caja` VALUES (44, '19', 'DOCENTES', 1, 10, NULL);
INSERT INTO `caja` VALUES (45, '20', 'ADMINISTRATIVOS', 1, 10, NULL);
INSERT INTO `caja` VALUES (46, '22', 'DOCENTES', 1, 5, NULL);
INSERT INTO `caja` VALUES (48, '25', 'DOCENTES', 1, 3, 'no especificado (TECNOLÓGICO y PEDAGÓGICO)');
INSERT INTO `caja` VALUES (49, '23', 'DOCENTES Y ADMINISTRATIVOS', 1, 5, NULL);
INSERT INTO `caja` VALUES (50, '26', 'DOCENTES', 1, 4, 'NO ESPECIFICADO (TECNOLÓGICO Y PEDAGÓGICO)');
INSERT INTO `caja` VALUES (52, '30', 'DOCENTES', 1, 16, NULL);
INSERT INTO `caja` VALUES (54, '31', 'DOCENTES', 1, 16, NULL);
INSERT INTO `caja` VALUES (55, '32', 'ADMINISTRATIVOS', 1, 16, NULL);
INSERT INTO `caja` VALUES (56, '33', 'ADMINISTRATIVOS', 1, 16, NULL);
INSERT INTO `caja` VALUES (57, '27', 'DOCENTES Y ADMINISTRATIVOS', 1, 3, NULL);
INSERT INTO `caja` VALUES (58, '34', 'DOCENTES', 1, 17, NULL);
INSERT INTO `caja` VALUES (59, '28', 'ADMINISTRATIVOS', 1, 4, 'administrativos (iestp, iespp)');
INSERT INTO `caja` VALUES (60, '35', 'DOCENTES', 1, 17, NULL);
INSERT INTO `caja` VALUES (61, '36', 'DOCENTES', 1, 17, NULL);
INSERT INTO `caja` VALUES (62, '37', 'DOCENTES', 1, 17, NULL);
INSERT INTO `caja` VALUES (63, '38', 'ADMINISTRATIVOS', 1, 17, NULL);
INSERT INTO `caja` VALUES (66, '44', 'DOCENTES', 1, 20, NULL);
INSERT INTO `caja` VALUES (69, '45', 'DOCENTES', 1, 20, NULL);
INSERT INTO `caja` VALUES (70, '46', 'DOCENTES', 1, 20, NULL);
INSERT INTO `caja` VALUES (71, '47', 'DOCENTES', 1, 20, NULL);
INSERT INTO `caja` VALUES (72, '48', 'DOCENTES', 1, 20, NULL);
INSERT INTO `caja` VALUES (73, '49', 'ADMINISTRATIVOS', 1, 20, NULL);
INSERT INTO `caja` VALUES (74, '39', 'DOCENTES Y ADMINISTRATIVOS', 1, 11, NULL);
INSERT INTO `caja` VALUES (75, '50', 'ADMINISTRATIVOS', 1, 20, NULL);
INSERT INTO `caja` VALUES (76, '40', 'ADMINISTRATIVOS', 1, 11, NULL);
INSERT INTO `caja` VALUES (77, '51', 'DOCENTES', 1, 21, NULL);
INSERT INTO `caja` VALUES (78, '41', 'ADMINISTRATIVOS', 1, 11, NULL);
INSERT INTO `caja` VALUES (81, '52', 'DOCENTES Y ADMINISTRATIVOS', 1, 21, NULL);
INSERT INTO `caja` VALUES (82, '42', 'ADMINISTRATIVOS', 1, 11, NULL);
INSERT INTO `caja` VALUES (83, '53', 'DOCENTES', 1, 22, NULL);
INSERT INTO `caja` VALUES (84, '43', 'ADMINISTRATIVOS', 1, 11, NULL);
INSERT INTO `caja` VALUES (86, '54', 'DOCENTES', 1, 22, NULL);
INSERT INTO `caja` VALUES (87, '55', 'ADMINISTRATIVOS', 1, 22, NULL);
INSERT INTO `caja` VALUES (88, '56', 'DOCENTES Y ADMINISTRATIVOS', 1, 23, NULL);
INSERT INTO `caja` VALUES (89, '57', 'DOCENTES Y ADMINISTRATIVOS', 1, 24, NULL);
INSERT INTO `caja` VALUES (90, '58', 'DOCENTES Y ADMINISTRATIVOS', 1, 25, NULL);
INSERT INTO `caja` VALUES (91, '59', 'DOCENTES Y ADMINISTRATIVOS', 1, 26, NULL);
INSERT INTO `caja` VALUES (92, '60', 'DOCENTES Y ADMINISTRATIVOS', 1, 7, NULL);
INSERT INTO `caja` VALUES (93, '61', 'DOCENTES', 1, 1, NULL);
INSERT INTO `caja` VALUES (94, '62', 'DOCENTES', 1, 1, NULL);
INSERT INTO `caja` VALUES (95, '63', 'DOCENTES', 1, 27, NULL);
INSERT INTO `caja` VALUES (96, '64', 'DOCENTES', 1, 27, NULL);
INSERT INTO `caja` VALUES (97, '65', 'DOCENTES', 1, 27, NULL);
INSERT INTO `caja` VALUES (98, '66', 'ADMINISTRATIVOS', 1, 27, NULL);
INSERT INTO `caja` VALUES (99, '67', 'DOCENTES Y ADMINISTRATIVOS', 1, 28, NULL);
INSERT INTO `caja` VALUES (100, '68', 'DOCENTES Y ADMINISTRATIVOS', 1, 29, NULL);
INSERT INTO `caja` VALUES (101, '69', 'DOCENTES Y ADMINISTRATIVOS', 1, 30, 'IESTP CAPACHICA Y SANTA LUCIA');
INSERT INTO `caja` VALUES (102, '70', 'DOCENTES Y ADMINISTRATIVOS', 1, 32, NULL);
INSERT INTO `caja` VALUES (103, '71', 'DOCENTES Y ADMINISTRATIVOS', 1, 2, NULL);
INSERT INTO `caja` VALUES (104, '72', 'DOCENTES', 1, 33, NULL);
INSERT INTO `caja` VALUES (105, '73', 'DOCENTES', 1, 33, NULL);
INSERT INTO `caja` VALUES (106, '74', 'ADMINISTRATIVOS', 1, 33, NULL);
INSERT INTO `caja` VALUES (107, '75', 'DOCENTES Y ADMINISTRATIVOS', 1, 34, NULL);
INSERT INTO `caja` VALUES (108, '76', 'DOCENTES', 1, 19, NULL);
INSERT INTO `caja` VALUES (109, '77', 'DOCENTES', 1, 19, NULL);
INSERT INTO `caja` VALUES (111, '78', 'DOCENTES Y ADMINISTRATIVOS', 1, 19, NULL);
INSERT INTO `caja` VALUES (112, '79', 'DOCENTES Y ADMINISTRATIVOS', 1, 19, NULL);
INSERT INTO `caja` VALUES (113, '80', 'ADMINISTRATIVOS', 1, 19, NULL);
INSERT INTO `caja` VALUES (114, '81', 'DOCENTES', 1, 18, NULL);
INSERT INTO `caja` VALUES (115, '82', 'DOCENTES', 1, 18, NULL);
INSERT INTO `caja` VALUES (116, '83', 'DOCENTES', 1, 18, NULL);
INSERT INTO `caja` VALUES (118, '86', 'DOCENTES', 1, 11, 'ESPECIALISTAS SEDE DREP PUNO');
INSERT INTO `caja` VALUES (119, '84', 'ADMINISTRATIVOS', 1, 18, NULL);
INSERT INTO `caja` VALUES (120, '87', 'DOCENTES', 1, 11, 'especialistas sede drep puno');
INSERT INTO `caja` VALUES (121, '85', 'DOCENTES Y ADMINISTRATIVOS', 1, 35, NULL);
INSERT INTO `caja` VALUES (122, 'A-1', 'DOCENTES Y ADMINISTRATIVOS', 3, NULL, NULL);
INSERT INTO `caja` VALUES (123, 'a-2', 'DOCENTES Y ADMINISTRATIVOS', 3, NULL, NULL);
INSERT INTO `caja` VALUES (124, 'A-3', 'DOCENTES Y ADMINISTRATIVOS', 3, NULL, NULL);
INSERT INTO `caja` VALUES (125, 'C-4', 'DOCENTES', 3, NULL, NULL);
INSERT INTO `caja` VALUES (126, 'M-3', 'DOCENTES', 3, NULL, NULL);
INSERT INTO `caja` VALUES (127, '002-PENSIONISTAS SEDE', 'ESPECIALISTAS', 3, NULL, 'PENSIONISTAS SEDE ADMINISTRATIVA');
INSERT INTO `caja` VALUES (128, 'B-1', 'DOCENTES Y ADMINISTRATIVOS', 3, NULL, NULL);
INSERT INTO `caja` VALUES (129, 'U-Y', 'DOCENTES', 3, NULL, NULL);
INSERT INTO `caja` VALUES (130, 'P-1', 'DOCENTES', 3, NULL, NULL);
INSERT INTO `caja` VALUES (131, 'A-2', 'DOCENTES Y ADMINISTRATIVOS', 2, NULL, 'CESE A PARTIR DEL 2017 (2020 2021 2022)');
INSERT INTO `caja` VALUES (132, '001 CESANTES SEDE', 'ADMINISTRATIVOS', 2, NULL, NULL);
INSERT INTO `caja` VALUES (133, 'C-4', 'DOCENTES Y ADMINISTRATIVOS', 2, NULL, 'CESE A PARTIR DE 2017 (2020 2021 2022)');
INSERT INTO `caja` VALUES (134, 'C-5', 'DOCENTES Y ADMINISTRATIVOS', 2, NULL, 'CESE A PARTIR DE 2017 (2020 2021 2022)');
INSERT INTO `caja` VALUES (135, 'CH-7', 'DOCENTES Y ADMINISTRATIVOS', 2, NULL, 'CESE A PARTIR DE 2017 (2020 2021 2022)');
INSERT INTO `caja` VALUES (136, 'D-E-8', 'DOCENTES Y ADMINISTRATIVOS', 2, NULL, NULL);
INSERT INTO `caja` VALUES (138, 'B-2', 'DOCENTES Y ADMINISTRATIVOS', 3, NULL, NULL);
INSERT INTO `caja` VALUES (144, 'T-1', 'DOCENTES Y ADMINISTRATIVOS', 3, NULL, NULL);
INSERT INTO `caja` VALUES (146, 'C-1', 'DOCENTES Y ADMINISTRATIVOS', 3, NULL, NULL);
INSERT INTO `caja` VALUES (147, 'C-2', 'DOCENTES Y ADMINISTRATIVOS', 3, NULL, NULL);
INSERT INTO `caja` VALUES (148, 'C-3', 'DOCENTES Y ADMINISTRATIVOS', 3, NULL, NULL);
INSERT INTO `caja` VALUES (149, 'A-1', 'DOCENTES Y ADMINISTRATIVOS', 2, NULL, 'CESANTES 2019');
INSERT INTO `caja` VALUES (150, 'B-3', 'DOCENTES Y ADMINISTRATIVOS', 2, NULL, NULL);
INSERT INTO `caja` VALUES (152, 'C-6', 'DOCENTES Y ADMINISTRATIVOS', 2, NULL, NULL);
INSERT INTO `caja` VALUES (153, 'F-9', 'DOCENTES Y ADMINISTRATIVOS', 2, NULL, NULL);
INSERT INTO `caja` VALUES (154, 'G-10', 'DOCENTES Y ADMINISTRATIVOS', 2, NULL, NULL);
INSERT INTO `caja` VALUES (155, 'H-11', 'DOCENTES Y ADMINISTRATIVOS', 2, NULL, NULL);
INSERT INTO `caja` VALUES (156, 'I-J-12', 'DOCENTES Y ADMINISTRATIVOS', 2, NULL, NULL);
INSERT INTO `caja` VALUES (157, 'L-13', 'DOCENTES Y ADMINISTRATIVOS', 2, NULL, '2018-2020-2021-2022');
INSERT INTO `caja` VALUES (158, 'M-14', 'DOCENTES Y ADMINISTRATIVOS', 2, NULL, NULL);
INSERT INTO `caja` VALUES (159, 'M-N-15', 'DOCENTES Y ADMINISTRATIVOS', 2, NULL, NULL);
INSERT INTO `caja` VALUES (160, 'P-16', 'DOCENTES Y ADMINISTRATIVOS', 2, NULL, NULL);
INSERT INTO `caja` VALUES (163, 'Q-17', 'DOCENTES Y ADMINISTRATIVOS', 2, NULL, NULL);
INSERT INTO `caja` VALUES (164, 'Q-18', 'DOCENTES Y ADMINISTRATIVOS', 2, NULL, NULL);
INSERT INTO `caja` VALUES (165, 'R-19', 'DOCENTES Y ADMINISTRATIVOS', 2, NULL, NULL);
INSERT INTO `caja` VALUES (166, 'S-20', 'DOCENTES Y ADMINISTRATIVOS', 2, NULL, NULL);
INSERT INTO `caja` VALUES (167, 'T-21', 'DOCENTES Y ADMINISTRATIVOS', 2, NULL, NULL);
INSERT INTO `caja` VALUES (168, 'U-V-22', 'DOCENTES Y ADMINISTRATIVOS', 2, NULL, NULL);
INSERT INTO `caja` VALUES (169, 'Y-Z-23', 'DOCENTES Y ADMINISTRATIVOS', 2, NULL, NULL);
INSERT INTO `caja` VALUES (170, 'd', 'DOCENTES Y ADMINISTRATIVOS', 3, NULL, NULL);
INSERT INTO `caja` VALUES (171, 'CH-1', 'DOCENTES Y ADMINISTRATIVOS', 3, NULL, NULL);
INSERT INTO `caja` VALUES (172, 'CH-2', 'DOCENTES Y ADMINISTRATIVOS', 3, NULL, NULL);
INSERT INTO `caja` VALUES (173, 'CH-3', 'DOCENTES Y ADMINISTRATIVOS', 3, NULL, NULL);
INSERT INTO `caja` VALUES (174, 'E', 'DOCENTES Y ADMINISTRATIVOS', 3, NULL, NULL);
INSERT INTO `caja` VALUES (175, 'F-1', 'DOCENTES Y ADMINISTRATIVOS', 3, NULL, NULL);
INSERT INTO `caja` VALUES (176, 'F-2', 'DOCENTES Y ADMINISTRATIVOS', 3, NULL, NULL);
INSERT INTO `caja` VALUES (177, 'G-1', 'DOCENTES Y ADMINISTRATIVOS', 3, NULL, NULL);
INSERT INTO `caja` VALUES (178, 'G-2', 'DOCENTES Y ADMINISTRATIVOS', 3, NULL, NULL);

-- ----------------------------
-- Table structure for cargo
-- ----------------------------
DROP TABLE IF EXISTS `cargo`;
CREATE TABLE `cargo`  (
  `id_car` int NOT NULL,
  `car_name` varchar(255) CHARACTER SET utf8mb4 COLLATE utf8mb4_spanish2_ci NULL DEFAULT NULL,
  PRIMARY KEY (`id_car`) USING BTREE
) ENGINE = InnoDB CHARACTER SET = utf8mb4 COLLATE = utf8mb4_spanish2_ci ROW_FORMAT = DYNAMIC;

-- ----------------------------
-- Records of cargo
-- ----------------------------
INSERT INTO `cargo` VALUES (1, 'DOCENTE');
INSERT INTO `cargo` VALUES (2, 'ADMINISTRATIVO');
INSERT INTO `cargo` VALUES (3, 'AUXILIAR');

-- ----------------------------
-- Table structure for docente
-- ----------------------------
DROP TABLE IF EXISTS `docente`;
CREATE TABLE `docente`  (
  `id_dcnt` int NOT NULL AUTO_INCREMENT,
  `dcnt_dni` varchar(8) CHARACTER SET utf8mb4 COLLATE utf8mb4_spanish2_ci NULL DEFAULT NULL,
  `dcnt_name` varchar(255) CHARACTER SET utf8mb4 COLLATE utf8mb4_spanish2_ci NULL DEFAULT NULL,
  `dcnt_apell1` varchar(255) CHARACTER SET utf8mb4 COLLATE utf8mb4_spanish2_ci NULL DEFAULT NULL,
  `dcnt_apell2` varchar(255) CHARACTER SET utf8mb4 COLLATE utf8mb4_spanish2_ci NULL DEFAULT NULL,
  `dcnt_fec_ces` varchar(255) CHARACTER SET utf8mb4 COLLATE utf8mb4_spanish2_ci NULL DEFAULT NULL,
  `dcnt_rdr` varchar(255) CHARACTER SET utf8mb4 COLLATE utf8mb4_spanish2_ci NULL DEFAULT NULL,
  `dcnt_tip_ces` varchar(255) CHARACTER SET utf8mb4 COLLATE utf8mb4_spanish2_ci NULL DEFAULT NULL,
  `dcnt_cel` int NULL DEFAULT NULL,
  `dcnt_email` varchar(255) CHARACTER SET utf8mb4 COLLATE utf8mb4_spanish2_ci NULL DEFAULT NULL,
  `id_car` int NULL DEFAULT NULL,
  `id_est` int NULL DEFAULT NULL,
  `id_ley` int NULL DEFAULT NULL,
  `id_inst` int NULL DEFAULT NULL,
  `id_caja` int NULL DEFAULT NULL,
  `dcnt_obs` varchar(500) CHARACTER SET utf8mb4 COLLATE utf8mb4_spanish2_ci NULL DEFAULT NULL,
  `usuario` varchar(255) CHARACTER SET utf8mb4 COLLATE utf8mb4_spanish2_ci NULL DEFAULT NULL,
  PRIMARY KEY (`id_dcnt`) USING BTREE,
  INDEX `fk_dcnt_car`(`id_car` ASC) USING BTREE,
  INDEX `fk_dcnt_est`(`id_est` ASC) USING BTREE,
  INDEX `fk_dcnt_ley`(`id_ley` ASC) USING BTREE,
  INDEX `fk_dcnt_inst`(`id_inst` ASC) USING BTREE,
  INDEX `fk_dcnt_caja`(`id_caja` ASC) USING BTREE,
  CONSTRAINT `fk_dcnt_caja` FOREIGN KEY (`id_caja`) REFERENCES `caja` (`id_caja`) ON DELETE RESTRICT ON UPDATE RESTRICT,
  CONSTRAINT `fk_dcnt_car` FOREIGN KEY (`id_car`) REFERENCES `cargo` (`id_car`) ON DELETE RESTRICT ON UPDATE RESTRICT,
  CONSTRAINT `fk_dcnt_est` FOREIGN KEY (`id_est`) REFERENCES `estado` (`id_est`) ON DELETE RESTRICT ON UPDATE RESTRICT,
  CONSTRAINT `fk_dcnt_inst` FOREIGN KEY (`id_inst`) REFERENCES `institucion` (`id_inst`) ON DELETE RESTRICT ON UPDATE RESTRICT,
  CONSTRAINT `fk_dcnt_ley` FOREIGN KEY (`id_ley`) REFERENCES `ley` (`id_ley`) ON DELETE RESTRICT ON UPDATE RESTRICT
) ENGINE = InnoDB AUTO_INCREMENT = 2396 CHARACTER SET = utf8mb4 COLLATE = utf8mb4_spanish2_ci ROW_FORMAT = DYNAMIC;

-- ----------------------------
-- Records of docente
-- ----------------------------
INSERT INTO `docente` VALUES (58, '1215686', 'EDGAR BENJAMIN', 'APAZA', 'APAZA', NULL, NULL, NULL, 951690510, 'CDJCPUNOPERU@GMAIL.COM', 1, 1, 2, 12, 6, NULL, 'VERONICA LAURA JUAREZ');
INSERT INTO `docente` VALUES (59, '1845931', 'JUSTO VICTOR', 'ANCCO', 'QUISPE', NULL, NULL, NULL, NULL, NULL, 1, 1, 2, 12, 6, 'FALTAN LOS 4 FORMATOS ESTABLECIDOS POR ESCALAFÓN  Y FALTA RDS DE LICENCIAS EN FISICO, FALTA COPIA DE DNI DE SU HIJO PARA REGISTRAR SU SUBSIDIO LUTO', 'VERONICA LAURA JUAREZ');
INSERT INTO `docente` VALUES (60, '1344100', 'FRANCISCO ZOLANO', 'ALVARO', 'DUEÑAS', NULL, NULL, NULL, 951686451, 'FALVARO2@HOTMAIL.COM', 1, 1, 2, 12, 6, 'FALTA RDS DE LICENCIAS Y INSTAURACIÓN EN FÍSICO', 'VERONICA LAURA JUAREZ');
INSERT INTO `docente` VALUES (61, '1200179', 'POLICARPIO PAULINO', 'ALEJO', 'SAIRITUPAC', NULL, NULL, NULL, 951832379, 'PALEJOS1@HOTMAIL.COM', 1, 1, 2, 12, 6, 'FALTAN RDS EN FÍSICO', 'VERONICA LAURA JUAREZ');
INSERT INTO `docente` VALUES (62, '1842254', 'GODOFREDO ALCIDES', 'ARCAYA', 'ALANOCA', '13/02/2021', '0731-2021-DREP.', 'POR FALLECIMIENTO', 985323297, 'AARCAYAA@HOTMAIL.COM', 1, 2, 2, 12, 131, NULL, 'VERONICA LAURA JUAREZ');
INSERT INTO `docente` VALUES (63, '1515288', 'ABAD ERNESTO', 'APAZA', 'APAZA', NULL, NULL, NULL, 950002808, 'WWWABADAPAZA@GMAIL.COM', 1, 1, 2, 12, 6, NULL, 'VERONICA LAURA JUAREZ');
INSERT INTO `docente` VALUES (64, '1297119', 'LEONID', 'ALEMAN', 'GONZALES', NULL, NULL, NULL, 951083671, 'LALEMANG@GMAIL.COM', 1, 1, 2, 12, 6, NULL, 'VERONICA LAURA JUAREZ');
INSERT INTO `docente` VALUES (65, '1285127', 'NORKA NOEMI', 'ARDILES', 'CATACORA', '30/06/2022', '001636-2022-DREP', 'POR LIMITE DE EDAD', 975202005, 'NORKANOEMIAC@GMAIL.COM', 1, 2, 2, 12, 131, NULL, 'VERONICA LAURA JUAREZ');
INSERT INTO `docente` VALUES (66, '1221426', 'JULIO WILFREDO', 'CANO', 'OJEDA', '30/09/2022', '002487-2022-DREP', 'POR LIMITE DE EDAD', NULL, NULL, 1, 2, 2, 12, 134, 'OMISO EN FORMATOS', 'VERONICA LAURA JUAREZ');
INSERT INTO `docente` VALUES (67, '4742030', 'JUAN MIGUEL', 'BRAVO', 'HUANCA', NULL, NULL, NULL, 950007047, 'JMBRAVOH47@GMAIL.COM', 1, 1, 2, 12, 7, NULL, 'VERONICA LAURA JUAREZ');
INSERT INTO `docente` VALUES (68, '1307085', 'AUSBERTO ANGEL', 'BALCONA', 'HUARACHI', NULL, NULL, NULL, 959801500, NULL, 1, 1, 2, 12, 7, 'OJO ES FALLECIDO PERO NO CUANTA CON RDR DE CESE', 'VERONICA LAURA JUAREZ');
INSERT INTO `docente` VALUES (69, '1284892', 'VICTOR ALBERTO', 'CARPIO', 'MIRANDA', NULL, NULL, NULL, NULL, NULL, 1, 1, 2, 12, 7, 'FALTAN LOS 4 FORMATOS ESTABLECIDOS POR ESCALAFÓN', 'VERONICA LAURA JUAREZ');
INSERT INTO `docente` VALUES (70, '1288773', 'DINA ELISA', 'CARRASCO', 'CASTILLO', '30/06/2022', '001635-2022-DREP', 'POR LIMITE DE EDAD', 967822930, 'CARRASCODINA65@GMAIL.COM', 1, 2, 2, 12, 134, NULL, 'VERONICA LAURA JUAREZ');
INSERT INTO `docente` VALUES (71, '1285699', 'JUAN CARLOS', 'CARVO', 'CABALA', NULL, NULL, NULL, NULL, NULL, 1, 1, 2, 12, 8, 'FALTAN LOS 4 FORMATOS ESTABLECIDOS POR ESCALAFÓN', 'VERONICA LAURA JUAREZ');
INSERT INTO `docente` VALUES (72, '1289425', 'OMAR FERDINAND', 'COASACA', 'NUÑEZ', NULL, NULL, NULL, NULL, NULL, 1, 1, 2, 12, 8, 'FALTAN 4 FORMATOS ESTABLECIDOS POR ESCALAFÓN', 'VERONICA LAURA JUAREZ');
INSERT INTO `docente` VALUES (73, '1221750', 'jorge', 'CONDORI', 'CHAVEZ', NULL, NULL, NULL, 951059555, 'JOCOCHA644@GMAIL.COM', 1, 1, 2, 12, 8, NULL, 'VERONICA LAURA JUAREZ');
INSERT INTO `docente` VALUES (74, '1201131', 'JUAN ENRIQUE', 'CHIQUE', 'GOMEZ', '30/11/2020', '001739-2020-DREP', 'POR LIMITE DE EDAD', NULL, NULL, 1, 2, 2, 12, 135, 'FALTAN LOS 4 FORMATOS', 'VERONICA LAURA JUAREZ');
INSERT INTO `docente` VALUES (75, '1215060', 'JUAN JULIO', 'CCOPA', 'MAMANI', NULL, NULL, NULL, 968394398, 'CCOPAMAMANIJUANJULIO64@GMAIL.COM', 1, 1, 2, 12, 8, NULL, 'VERONICA LAURA JUAREZ');
INSERT INTO `docente` VALUES (76, '1231878', 'JESUS ROBERTO', 'CHAMBILLA', 'NINA', NULL, NULL, NULL, 915079671, 'CHAMBILLANINAJESUS@GMAIL.COM', 1, 1, 2, 12, 8, NULL, 'VERONICA LAURA JUAREZ');
INSERT INTO `docente` VALUES (77, '1207793', 'FRANCISCO JAVIER', 'CHAYÑA', 'QUISPE', NULL, NULL, NULL, NULL, NULL, 1, 1, 2, 12, 8, 'FALTAN LOS 4 FORMATOS', 'VERONICA LAURA JUAREZ');
INSERT INTO `docente` VALUES (78, '1220491', 'LUIS', 'FLORES', 'FLORES', NULL, NULL, NULL, NULL, NULL, 1, 1, 2, 12, 27, 'FALTAN LOS 4 FORMATOS', 'VERONICA LAURA JUAREZ');
INSERT INTO `docente` VALUES (79, '1333951', 'MARTINA ALICIA', 'ENRIQUEZ', 'CARPIO', '31/01/2021', '000101-2021-DREP', 'POR LIMITE DE EDAD', 953663587, 'MARTAENRIQUEZCARPIO@GMAIL.COM', 1, 2, 2, 12, 136, NULL, 'VERONICA LAURA JUAREZ');
INSERT INTO `docente` VALUES (80, '1230603', 'LUIS GERMAN', 'CONDORI', 'ORTIZ', NULL, NULL, NULL, NULL, NULL, 1, 1, 2, 12, 27, 'FALTAN LOS 4 FORMATOS', 'VERONICA LAURA JUAREZ');
INSERT INTO `docente` VALUES (81, '7014423', 'LUIS', 'DUEÑAS', 'GARAMBEL', NULL, NULL, NULL, NULL, NULL, 1, 1, 2, 12, 27, 'FALTAN LOS 4 FORMATOS', 'VERONICA LAURA JUAREZ');
INSERT INTO `docente` VALUES (82, '401043', 'NESTOR', 'ESCOBAR', 'CHURA', NULL, NULL, NULL, 940614805, 'NESTORECH@GMAIL.COM', 1, 1, 2, 12, 27, NULL, 'VERONICA LAURA JUAREZ');
INSERT INTO `docente` VALUES (83, '1307997', 'ELOY', 'GALINDO', 'MORALES', NULL, NULL, NULL, NULL, NULL, 1, 1, 2, 12, 28, 'FALTAN LOS 4 FORMATOS', 'VERONICA LAURA JUAREZ');
INSERT INTO `docente` VALUES (84, '1230921', 'JULIAN', 'FLORES', 'LLANOS', NULL, NULL, NULL, NULL, NULL, 1, 1, 2, 12, 28, 'FALTAN LOS 4 FORMATOS', 'VERONICA LAURA JUAREZ');
INSERT INTO `docente` VALUES (85, '1321494', 'ELMER WALTER', 'GINEZ', 'CHOQUE', NULL, NULL, NULL, NULL, NULL, 1, 1, 2, 12, 28, 'FALTAN LOS 4 FORMATOS', 'VERONICA LAURA JUAREZ');
INSERT INTO `docente` VALUES (86, '1317310', 'JORGE LUIS', 'HUANCA', 'SERRUTO', NULL, NULL, NULL, 951493683, 'JOLHS237@GMAIL.COM', 1, 1, 2, 12, 28, NULL, 'VERONICA LAURA JUAREZ');
INSERT INTO `docente` VALUES (87, '1334669', 'ANTONIO', 'GUERRA', 'HUARCAYA', NULL, NULL, NULL, 951664795, 'AGUERRAH12@GMAIL.COM', 1, 1, 2, 12, 28, NULL, 'VERONICA LAURA JUAREZ');
INSERT INTO `docente` VALUES (88, '1216528', 'LUZMILA AVELINA', 'GONZALES', 'FLORES', NULL, NULL, NULL, NULL, NULL, 1, 1, 2, 12, 28, 'FALTAN LOS 4 FORMATOS', 'VERONICA LAURA JUAREZ');
INSERT INTO `docente` VALUES (89, '1297486', 'OSCAR PEDRO', 'HINOJOSA', 'AGUILAR', '31/10/2022', '002587-2022-DREP', 'POR LIMITE DE EDAD', 950778294, 'OSCARHINOJOSA444@GMAIL.COM', 1, 2, 2, 12, 155, NULL, 'VERONICA LAURA JUAREZ');
INSERT INTO `docente` VALUES (90, '1226001', 'BLADIMIRO FLAVIO', 'MAMANI', 'CHOQUE', NULL, NULL, NULL, 951451393, 'BLADY58@HOTMAIL.COM', 1, 1, 2, 12, 29, NULL, 'VERONICA LAURA JUAREZ');
INSERT INTO `docente` VALUES (91, '2393364', 'LUCIO ROMULO', 'LA FUENTE', 'QUISPE', '31/08/2021', '001736-2021-DREP', 'POR LIMITE DE EDAD', 930984011, 'LUCIOROMULOLAFUENTE@GMAIL.COM', 1, 2, 2, 12, 157, 'CESA EN EL AÑO 2021', 'VERONICA LAURA JUAREZ');
INSERT INTO `docente` VALUES (92, '1231159', 'JAIME PERCY', 'MOLINA', 'TARAPA', NULL, NULL, NULL, 951961418, NULL, 1, 1, 2, 12, 29, 'FALTAN LOS 4 FORMATOS', 'VERONICA LAURA JUAREZ');
INSERT INTO `docente` VALUES (93, '1334326', 'NOE ULISES', 'MONTES DE OCA', 'VALENCIA', NULL, NULL, NULL, 954684499, 'NUMONTES@HOTMAIL.COM', 1, 1, 2, 12, 29, NULL, 'VERONICA LAURA JUAREZ');
INSERT INTO `docente` VALUES (94, '1281104', 'JORGE ANTONIO', 'HUARCAYA', 'FLORES', NULL, NULL, NULL, 950018340, 'JORGEHF54@HOTMAIL.COM', 1, 1, 2, 12, 29, NULL, 'VERONICA LAURA JUAREZ');
INSERT INTO `docente` VALUES (95, '1211117', 'GABRIELA', 'PAREDES', 'FLORES', NULL, NULL, NULL, 972602951, 'GABRIELA.EDU.PF@GMAIL.COM', 1, 1, 1, 12, 30, NULL, 'VERONICA LAURA JUAREZ');
INSERT INTO `docente` VALUES (96, '2433309', 'JAIME', 'PUMA', 'SALAZAR', NULL, NULL, NULL, 950910249, 'JPUMA@IESTPJAE.EDU.PE', 1, 1, 2, 12, 30, NULL, 'VERONICA LAURA JUAREZ');
INSERT INTO `docente` VALUES (97, '1862728', 'WILBERT', 'RAMIREZ', 'PICHINI', NULL, NULL, NULL, NULL, NULL, 1, 1, 2, 12, 30, 'FALTAN LOS 4 FORMATOS Y RD DE LICENCIA S/G DRE CUSCO', 'VERONICA LAURA JUAREZ');
INSERT INTO `docente` VALUES (98, '1215667', 'RAUL', 'RAMOS', 'GOMEZ', '30/06/2022', '001634-2022-DREP', 'POR LIMITE DE EDAD', 983915369, 'RAMOS.GO21@GMAIL.COM', 1, 2, 2, 12, 165, NULL, 'VERONICA LAURA JUAREZ');
INSERT INTO `docente` VALUES (99, '1289148', 'PIO JAIME', 'RUELAS', 'VILCA', NULL, NULL, NULL, 951450305, 'PJRUVI0305@GMAIL.COM', 1, 1, 2, 12, 31, NULL, 'VERONICA LAURA JUAREZ');
INSERT INTO `docente` VALUES (100, '29403977', 'ROGER JUAN', 'ROMERO', 'VARGAS', NULL, NULL, NULL, 956687530, 'ROJUROVAR@GMAIL.COM', 1, 1, 2, 12, 31, NULL, 'VERONICA LAURA JUAREZ');
INSERT INTO `docente` VALUES (101, '1282409', 'ELOY ROLANDO', 'TEBES', 'ALEJO', '31/12/2021', '002357-2021-DREP', 'CESE A SOLICITUD', 951926035, 'ERTEBES@GMAIL.COM', 1, 2, 2, 12, 167, 'CESA EN EL AÑO 2021', 'VERONICA LAURA JUAREZ');
INSERT INTO `docente` VALUES (102, '1345138', 'LILIAN ELIANA', 'TICONA', 'DE LA PEÑA', NULL, NULL, NULL, 971503514, 'ELIANATICONA@GMAIL.COM', 1, 1, 2, 12, 31, NULL, 'VERONICA LAURA JUAREZ');
INSERT INTO `docente` VALUES (103, '7413448', 'PERCY', 'VASQUEZ', 'ARCE', NULL, NULL, NULL, 976185281, 'PERCY.VASQUEZ147@GMAIL.COM', 1, 1, 2, 12, 32, NULL, 'VERONICA LAURA JUAREZ');
INSERT INTO `docente` VALUES (104, '1297762', 'FANNY MARLENY', 'VARGAS', 'NAVIA', NULL, NULL, NULL, NULL, NULL, 1, 1, 2, 12, 32, 'FALTAN LOS 4 FORMATOS', 'VERONICA LAURA JUAREZ');
INSERT INTO `docente` VALUES (105, '1222071', 'PLINIO WALTER', 'VILLALTA', 'DUEÑAS', NULL, NULL, NULL, 950915800, 'PVILLALTA@HOTMAIL.COM', 1, 1, 2, 12, 32, 'FALTAN LOS 4 FORMATOS', 'VERONICA LAURA JUAREZ');
INSERT INTO `docente` VALUES (106, '1305118', 'URIEL', 'CASTRO', 'HUIRSE', NULL, NULL, NULL, 952092228, 'URIELCH61@GMAIL.COM', 2, 1, 3, 12, 33, NULL, 'VERONICA LAURA JUAREZ');
INSERT INTO `docente` VALUES (107, '1798888', 'JULIAN', 'APAZA', 'JILAJA', NULL, NULL, NULL, 962507739, 'JUAPJI27@GMAIL.COM', 2, 1, 3, 12, 33, NULL, 'VERONICA LAURA JUAREZ');
INSERT INTO `docente` VALUES (108, '1229265', 'JUAN FELICIANO', 'FLORES', 'CHOQUE', NULL, NULL, NULL, 951937406, 'JUANBALAFLORES@GMAIL.COM', 2, 1, 3, 12, 33, NULL, 'VERONICA LAURA JUAREZ');
INSERT INTO `docente` VALUES (109, '1210106', 'JUANA', 'ENRIQUEZ', 'FLORES', '31/05/2022', '001275-2022-DREP', 'POR LIMITE DE EDAD', 943277134, 'JUANIEF2015@GMAIL.COM', 2, 2, 3, 12, 136, NULL, 'VERONICA LAURA JUAREZ');
INSERT INTO `docente` VALUES (110, '1305206', 'MAURO MARTÍN', 'COAQUIRA', 'CHURA', '01/03/2021', '000509-2021-DREP', 'POR LIMITE DE EDAD', 999651424, NULL, 2, 3, 3, 12, 147, NULL, 'VERONICA LAURA JUAREZ');
INSERT INTO `docente` VALUES (111, '1827888', 'MIGUEL', 'APAZA', 'CHOQUE', '31/07/2022', '001877-2022-DREP', 'POR LIMITE DE EDAD', 945897315, NULL, 2, 2, 3, 12, 131, NULL, 'VERONICA LAURA JUAREZ');
INSERT INTO `docente` VALUES (112, '1223754', 'JERONIMO', 'VELASQUEZ', 'FLORES', NULL, NULL, NULL, 940849396, 'JERONIMOVFLORES@GMAIL.COM', 2, 1, 3, 12, 33, NULL, 'VERONICA LAURA JUAREZ');
INSERT INTO `docente` VALUES (113, '1205804', 'RUBEN JESUS', 'MACHACA', 'PINEDA', NULL, NULL, NULL, 998670467, 'RUJES.PINO64@GMAIL.COM', 2, 1, 3, 12, 34, NULL, 'VERONICA LAURA JUAREZ');
INSERT INTO `docente` VALUES (114, '1202302', 'JAIME', 'LUPACA', 'LUPACA', NULL, NULL, NULL, NULL, NULL, 2, 1, 3, 12, 34, 'FALTAN LOS 4 FORMATOS', 'VERONICA LAURA JUAREZ');
INSERT INTO `docente` VALUES (115, '1259530', 'VICTOR', 'HINOJOSA', 'CONDORI', NULL, NULL, NULL, 961880506, 'VICTOR.HINOJOSA.CONDORI@GMAIL.COM', 2, 1, 3, 12, 34, NULL, 'VERONICA LAURA JUAREZ');
INSERT INTO `docente` VALUES (116, '1288111', 'MARTA', 'GOYZUETA', 'MAMANI', NULL, NULL, NULL, 951420803, 'GOYZUETAM@HOTMAIL.COM', 2, 1, 3, 12, 34, 'FALTAN LOS 4 FORMATOS', 'VERONICA LAURA JUAREZ');
INSERT INTO `docente` VALUES (117, '2261123', 'SILVIA ELIZABETH', 'FRISANCHO', 'RECHARTE', NULL, NULL, NULL, 964223783, 'SILVANAFRIRE@GMAIL.COM', 2, 1, 3, 12, 34, NULL, 'VERONICA LAURA JUAREZ');
INSERT INTO `docente` VALUES (118, '1980488', 'LEONIDAS', 'MULLISACA', 'ORTIZ', NULL, NULL, NULL, 965026083, NULL, 2, 1, 3, 12, 35, 'FALTAN RDS DE LICENCIAS EN FISICO', 'VERONICA LAURA JUAREZ');
INSERT INTO `docente` VALUES (119, '1264120', 'YUSELINO', 'MALAGA', 'SOSA', NULL, NULL, NULL, 968886833, 'YMALAGASOSA@GMAIL.COM', 2, 1, 3, 12, 35, NULL, 'VERONICA LAURA JUAREZ');
INSERT INTO `docente` VALUES (120, '1200629', 'JORGE ALBERTO', 'QUISPE', 'ZAPANA', '31/12/2022', '000269-2023-DREP', 'POR LIMITE DE EDAD', 950786713, 'AL_BERTO1352@HOTMAIL.COM', 2, 2, 3, 12, 164, 'CESA EN EL AÑO 2022', 'VERONICA LAURA JUAREZ');
INSERT INTO `docente` VALUES (121, '1221911', 'TOMAS ROMAN', 'MAMANI', 'FLORES', NULL, NULL, NULL, 944970661, 'TOMYROMY9@GMAIL.COM', 2, 1, 3, 12, 35, NULL, 'VERONICA LAURA JUAREZ');
INSERT INTO `docente` VALUES (122, '1335812', 'FELIX FAUSTO', 'PEREYRA', 'MAMANI', NULL, NULL, NULL, NULL, NULL, 2, 1, 3, 12, 35, 'FALTAN LOS 4 FORMATOS', 'VERONICA LAURA JUAREZ');
INSERT INTO `docente` VALUES (123, '1279832', 'CESAR', 'RAMOS', 'MAMANI', NULL, NULL, NULL, 992316977, 'CERAMOS_M@HOTMAIL.COM', 2, 1, 3, 12, 35, NULL, 'VERONICA LAURA JUAREZ');
INSERT INTO `docente` VALUES (124, '1237133', 'MARIZA LUZ', 'SALAS', 'YATO', NULL, NULL, NULL, 950417565, 'WARMY60@GMAIL.COM', 2, 1, 3, 12, 36, NULL, 'VERONICA LAURA JUAREZ');
INSERT INTO `docente` VALUES (125, '1211578', 'JUAN LEONCIO', 'RAMOS', 'CUENTAS', NULL, NULL, NULL, NULL, NULL, 2, 1, 3, 12, 36, 'FALTAN LOS 4 FORMATOS', 'VERONICA LAURA JUAREZ');
INSERT INTO `docente` VALUES (126, '1286017', 'MIGUEL ADOLFO', 'VILLALTA', 'FLORES', NULL, NULL, NULL, NULL, NULL, 2, 1, 3, 12, 36, 'FALTAN LOS 4 FORMATOS', 'VERONICA LAURA JUAREZ');
INSERT INTO `docente` VALUES (127, '1321222', 'PEDRO', 'MAQUERA', 'LLANQUE', NULL, NULL, NULL, 950704454, 'MAQUERAPE@GMAIL.COM', 2, 1, 3, 12, 36, NULL, 'VERONICA LAURA JUAREZ');
INSERT INTO `docente` VALUES (128, '1279468', 'GUILLERMO', 'YUPANQUI', 'HOLGUIN', '31/12/2021', '002373-2021-DREP', 'POR LIMITE DE EDAD', NULL, 'GYUPANQUIHOLGUIN@GMAIL.COM', 2, 2, 3, 12, 169, 'CESA EN EL AÑO 2021', 'VERONICA LAURA JUAREZ');
INSERT INTO `docente` VALUES (129, '1261801', 'JOSE LEOPOLDO', 'TEVES', 'ALEJO', NULL, NULL, NULL, NULL, NULL, 2, 1, 3, 12, 36, 'FALTAN LOS 4 FORMATOS', 'VERONICA LAURA JUAREZ');
INSERT INTO `docente` VALUES (130, '1314276', 'MOISES CAMILO', 'SOSA', 'CONDORI', '23/02/2021', '001704-2021-DREP', 'POR FALLECIMIENTO', 942506018, 'SOSA_18@HOTMAIL.COM', 2, 2, 3, 12, 166, 'CESA EN EL AÑO 2021', 'VERONICA LAURA JUAREZ');
INSERT INTO `docente` VALUES (131, '1305879', 'CARLOS ENRIQUE', 'rojas', 'GORDILLO', NULL, NULL, NULL, 953282850, 'CAROGO6868@HOTMAIL.COM', 1, 1, 2, 5, 18, 'OJO ESTABA EN LA CAJA 14 DE NUÑOA, UBICAR A QUE CAJA VA PERTENECER', 'VERONICA LAURA JUAREZ');
INSERT INTO `docente` VALUES (132, '29295670', 'ABRAHAM', 'ACHAHUANCO', 'TTITO', '31/10/2021', '002030-2021-DREP', 'POR LIMITE DE EDAD', NULL, NULL, 1, 2, 2, 13, 131, 'FALTAN LOS 4 FORMATOS', 'VERONICA LAURA JUAREZ');
INSERT INTO `docente` VALUES (133, '23975846', 'ATILIO RODO', 'HUAMAN', 'TAPARA', NULL, NULL, NULL, 928119075, 'ATILIORODOHUAMANTAPARA@GMAIL.COM', 1, 1, 2, 13, 37, NULL, 'VERONICA LAURA JUAREZ');
INSERT INTO `docente` VALUES (134, '1535674', 'FRANCISCO', 'ORCOAPAZA', 'QUISPE', NULL, NULL, NULL, 944022012, 'FRANQUISPE.64@GMAIL.COM', 2, 1, 3, 13, 37, NULL, 'VERONICA LAURA JUAREZ');
INSERT INTO `docente` VALUES (135, '42087784', 'SILVIA', 'MAYTA', 'LOPE', NULL, NULL, NULL, 943257196, 'SILVIAML4208@GMAIL.COM', 2, 1, 3, 13, 37, NULL, 'VERONICA LAURA JUAREZ');
INSERT INTO `docente` VALUES (136, '1557751', 'DAVID', 'ARIZAPANA', 'PAREDES', NULL, NULL, NULL, NULL, NULL, 1, 1, 2, 14, 38, 'FALTAN LOS 4 FORMATOS', 'VERONICA LAURA JUAREZ');
INSERT INTO `docente` VALUES (137, '2422800', 'NICOLAS RENE', 'BARRANTES', 'PUMA', NULL, NULL, NULL, 951833436, 'NICOLASBARRANTESBJ70@GMAIL.COM', 1, 1, 2, 14, 38, NULL, 'VERONICA LAURA JUAREZ');
INSERT INTO `docente` VALUES (138, '2391461', 'RUBEN VLADIMIRO', 'CORTEZ', 'BARRIONUEVO', NULL, NULL, NULL, 900935890, 'IESPPEFLAMPA@GMAIL.COM', 1, 1, 2, 14, 38, NULL, 'VERONICA LAURA JUAREZ');
INSERT INTO `docente` VALUES (139, '2145885', 'JOSE ANTONIO OMAR', 'COSSIO', 'AGRAMONTE', NULL, NULL, NULL, NULL, NULL, 1, 1, 2, 14, 38, 'FALTAN LOS 4 FORMATOS', 'VERONICA LAURA JUAREZ');
INSERT INTO `docente` VALUES (140, '2144829', 'JUAN FERNANDO', 'FRISANCHO', 'PORTUGAL', NULL, NULL, NULL, 951529044, 'JUANFRIPOR@GMAIL.COM', 1, 1, 2, 14, 38, NULL, 'VERONICA LAURA JUAREZ');
INSERT INTO `docente` VALUES (141, '2406160', 'AGUEDA SATURNINA', 'CHOQUE', 'MANDAMIENTO', NULL, NULL, NULL, 958199678, 'AGUEDACHOQUE@HOTMAIL.COM', 1, 1, 2, 14, 38, NULL, 'VERONICA LAURA JUAREZ');
INSERT INTO `docente` VALUES (142, '2144542', 'JESUS JULIAN', 'QUIZA', 'CACERES', NULL, NULL, NULL, 951442727, 'JJQUIZACL@GMAIL.COM', 1, 1, 2, 14, 38, NULL, 'Hector Arturo Mullisaca Jaen');
INSERT INTO `docente` VALUES (143, '2144492', 'HOLGER GUILLERMO JUSTINIANO', 'TORRES', 'CAMACHO', NULL, NULL, NULL, 957771011, 'HOLGER1959TORRES@GAMIL.COM', 1, 1, 2, 14, 38, NULL, 'Hector Arturo Mullisaca Jaen');
INSERT INTO `docente` VALUES (144, '2144984', 'AGUSTIN MOISES', 'TICONA', 'QUIZA', '31/07/2020', '001340-2020-DREP', 'CESE A SOLICITUD', 951742183, NULL, 1, 3, 2, 14, 144, 'CESE RENUNCIA Y FALTAN LOS 4 FORMATOS', 'VERONICA LAURA JUAREZ');
INSERT INTO `docente` VALUES (145, '2140317', 'PEDRO ISIDRO', 'PARICOTO', 'SURCO', NULL, NULL, NULL, 951601600, 'PARICOTOSURCOPEDRO@GMAIL.COM', 2, 1, 3, 14, 40, NULL, 'VERONICA LAURA JUAREZ');
INSERT INTO `docente` VALUES (146, '2147558', 'ALBERTO', 'TITO', 'TAYPE', NULL, NULL, NULL, 951948884, 'ALBERTO12TITO@GMAIL.COM', 2, 1, 3, 14, 40, NULL, 'VERONICA LAURA JUAREZ');
INSERT INTO `docente` VALUES (147, '2146776', 'CRISTINA', 'PARISACA', 'ZEBALLOS', NULL, NULL, NULL, 937116991, 'MICRI1170@GMAIL.COM', 2, 1, 3, 14, 40, NULL, 'VERONICA LAURA JUAREZ');
INSERT INTO `docente` VALUES (148, '2171932', 'HAYDEE PETRONILA', 'CARREON', 'FIGUEROA', NULL, NULL, NULL, 951537688, 'HAYDEECARRFIG@GMAIL.COM', 2, 1, 3, 14, 40, NULL, 'VERONICA LAURA JUAREZ');
INSERT INTO `docente` VALUES (149, '2146863', 'EDWIN', 'SALAZAR', 'QUISPE', NULL, NULL, NULL, 951548477, 'SALAZARQUISPE31@GMAIL.COM', 2, 1, 3, 14, 40, NULL, 'VERONICA LAURA JUAREZ');
INSERT INTO `docente` VALUES (150, '2143848', 'HERMELINDA', 'NINA', 'SALAZAR', NULL, NULL, NULL, 934929844, 'HERMENISA@HOTMAIL.COM', 2, 1, 3, 14, 40, NULL, 'VERONICA LAURA JUAREZ');
INSERT INTO `docente` VALUES (151, '2143848', 'MAURO CECILIO', 'NINA', 'SALAZAR', NULL, NULL, NULL, 951649861, 'CCAPAZAPANA@GMAIL.COM', 2, 1, 3, 14, 40, NULL, 'VERONICA LAURA JUAREZ');
INSERT INTO `docente` VALUES (152, '1869683', 'BERNABEL', 'QUISPE', 'MAMANI', '31/12/2021', '000135-2022-DREP', 'CESE A SOLICITUD', 950919202, 'BELQUIMA77@GMAIL.COM', 1, 2, 2, 15, 164, 'CESA EN EL AÑO 2021', 'VERONICA LAURA JUAREZ');
INSERT INTO `docente` VALUES (153, '23842343', 'JOSE HORACIO', 'PARI', 'ARCAYA', NULL, NULL, NULL, 910124372, 'JOSELOPARI.20@GMAIL.COM', 1, 1, 2, 15, 41, NULL, 'VERONICA LAURA JUAREZ');
INSERT INTO `docente` VALUES (154, '1869203', 'MARITZA', 'ARCAYA', 'COAQUIRA', NULL, NULL, NULL, 930909863, 'ZARAYA.MARY@GMAIL.COM', 1, 1, 2, 16, 52, 'PERMUTAR DE JULI A PUNO', 'VERONICA LAURA JUAREZ');
INSERT INTO `docente` VALUES (155, '1231958', 'EVA MELANIA', 'VERA', 'LIRA', NULL, NULL, NULL, 988163905, 'EVAYMELANIA@HOTMAIL.COM', 1, 1, 2, 15, 41, NULL, 'VERONICA LAURA JUAREZ');
INSERT INTO `docente` VALUES (156, '23933666', 'WILY', 'VELASQUEZ', 'HUMPIRE', NULL, NULL, NULL, 995448668, 'WILYVELASQUEZ@HOTMAIL.COM', 1, 1, 2, 15, 41, NULL, 'VERONICA LAURA JUAREZ');
INSERT INTO `docente` VALUES (157, '1224450', 'PEDRO', 'RAMOS', 'FLORES', '10/02/2021', '000909-2021-DREP', 'POR FALLECIMIENTO', 951898123, 'RAMOSFLORESP56@GMAIL.COM', 1, 2, 2, 15, 165, NULL, 'VERONICA LAURA JUAREZ');
INSERT INTO `docente` VALUES (158, '1209605', 'GRIMALDA', 'paye', 'campos', NULL, NULL, NULL, 950752561, 'GRIMALDAPAYE@GMAIL.COM', 2, 1, 3, 15, 41, 'es fallecida pero no cuenta con la rdr de cese', 'VERONICA LAURA JUAREZ');
INSERT INTO `docente` VALUES (159, '2145758', 'RODOLFO', 'HUARILLOCLLA', 'COYLA', '20/08/2020', '001753-2020-DREP', 'POR FALLECIMIENTO', NULL, NULL, 1, 2, 2, 10, 155, 'FALTAN LOS 4 FORMATOS', 'VERONICA LAURA JUAREZ');
INSERT INTO `docente` VALUES (160, '1220593', 'VICTORIA LIDIA', 'GORDILLO', 'MONTALVO', NULL, NULL, NULL, 986134845, 'LIDIADORDILLO@GMAIL.COM', 1, 1, 2, 10, 17, NULL, 'VERONICA LAURA JUAREZ');
INSERT INTO `docente` VALUES (161, '1317724', 'JUSTO', 'ALAVE', 'CHATA', NULL, NULL, NULL, 969108424, 'JUANIBAL11@HOTMAIL.COM', 1, 1, 2, 10, 17, NULL, 'VERONICA LAURA JUAREZ');
INSERT INTO `docente` VALUES (162, '2275576', 'HUGO ALEJANDRO', 'ATAMARI', 'LIMA', NULL, NULL, NULL, 990561836, 'HUTAL7@HOTMAIL.COM', 1, 1, 2, 10, 17, NULL, 'VERONICA LAURA JUAREZ');
INSERT INTO `docente` VALUES (163, '29290778', 'FRANCISCO GUSTAVO', 'CONTRERAS', 'VALENCIA', '30/09/2021', '001849-2021-DREP', 'POR LIMITE DE EDAD', 951989972, 'FRANYEGUCON@HOTMAIL.COM', 1, 2, 2, 10, 134, NULL, 'VERONICA LAURA JUAREZ');
INSERT INTO `docente` VALUES (164, '29310179', 'CARMELO', 'CCAMA', 'HUANCA', NULL, NULL, NULL, 992890846, NULL, 1, 1, 2, 10, 17, NULL, 'VERONICA LAURA JUAREZ');
INSERT INTO `docente` VALUES (165, '2284723', 'FRANCISCO', 'VILLANUEVA', 'PARI', NULL, NULL, NULL, 950928330, 'VILLANUEVA580@HOTMAIL.COM', 1, 1, 2, 10, 44, NULL, 'VERONICA LAURA JUAREZ');
INSERT INTO `docente` VALUES (166, '2402418', 'CARLOS FRANCISCO', 'JUANITO', 'CALVO', NULL, NULL, NULL, 950817179, 'CARLOSJCALVO@GMAIL.COM', 1, 1, 2, 10, 44, NULL, 'VERONICA LAURA JUAREZ');
INSERT INTO `docente` VALUES (167, '2412939', 'NORMA BERNALDA', 'VERASTEGUI', 'RODRIGUEZ', NULL, NULL, NULL, 990991522, 'NVERAS21@GMAIL.COM', 1, 1, 2, 10, 44, NULL, 'VERONICA LAURA JUAREZ');
INSERT INTO `docente` VALUES (168, '2428567', 'YURI FIDEL', 'TICONA', 'PORTUGAL', NULL, NULL, NULL, 951507334, 'YPORTUGAL_6@HOTMAIL.COM', 1, 1, 2, 10, 44, NULL, 'VERONICA LAURA JUAREZ');
INSERT INTO `docente` VALUES (169, '73059153', 'YATSEN NATALIA', 'ccuno', 'pampa', NULL, NULL, NULL, 927010942, 'YATSENCP@GMAIL.COM', 2, 1, 3, 10, 45, NULL, 'VERONICA LAURA JUAREZ');
INSERT INTO `docente` VALUES (170, '1984781', 'gregorio', 'sucapuca', 'vilca', NULL, NULL, NULL, 951044397, 'GOYO58@GMAIL.COM', 2, 1, 3, 10, 45, NULL, 'VERONICA LAURA JUAREZ');
INSERT INTO `docente` VALUES (171, '1989314', 'PEDRO WILFREDO', 'BEJAR', 'YAPO', NULL, NULL, NULL, 960031038, NULL, 2, 1, 3, 10, 45, NULL, 'VERONICA LAURA JUAREZ');
INSERT INTO `docente` VALUES (172, '1987576', 'VILMA LUCILA', 'AÑAMURO', 'CCALLO', NULL, NULL, NULL, 986379686, 'LUCYGUTIERREZ273@GMAIL.COM', 2, 1, 3, 10, 45, NULL, 'VERONICA LAURA JUAREZ');
INSERT INTO `docente` VALUES (173, '40952026', 'WILBER', 'HUAYTA', 'QUISPE', NULL, NULL, NULL, 976901777, 'WILBERHUAYTAQUISPE54@GMAIL.COM', 2, 1, 3, 10, 45, NULL, 'VERONICA LAURA JUAREZ');
INSERT INTO `docente` VALUES (174, '1980489', 'RICARDO', 'LUQUE', 'CHOQUE', NULL, NULL, NULL, 917692204, 'VICENTALUQUE1964@GMAIL.COM', 2, 1, 3, 10, 45, NULL, 'VERONICA LAURA JUAREZ');
INSERT INTO `docente` VALUES (175, '1543241', 'ALDO OCTAVIO', 'MOLINA', 'FLORES', NULL, NULL, NULL, 951949576, 'ALDOMOLINAFLORES412@GMAIL.COM', 1, 1, 2, 5, 18, NULL, 'VERONICA LAURA JUAREZ');
INSERT INTO `docente` VALUES (176, '1285756', 'ELOY', 'paucar', 'HUANCA', NULL, NULL, NULL, 951764581, 'EPAUCARHUANCA@GMAIL.COM', 1, 1, 2, 5, 18, NULL, 'VERONICA LAURA JUAREZ');
INSERT INTO `docente` VALUES (177, '29298121', 'MARIANO', 'AÑASCO', 'HUANCA', NULL, NULL, NULL, 946704686, 'MARIANOANASCOHUANCA18@GMAIL.COM', 1, 1, 2, 5, 18, NULL, 'VERONICA LAURA JUAREZ');
INSERT INTO `docente` VALUES (178, '1488100', 'HUGO', 'LAURA', 'JUSTO', NULL, NULL, NULL, 951928229, 'HUGOLAURAJUSTO@GMAIL.COM', 1, 1, 2, 5, 18, NULL, 'VERONICA LAURA JUAREZ');
INSERT INTO `docente` VALUES (179, '1557719', 'ELEUTERIO ANDRES', 'LAURA', 'ARPI', NULL, NULL, NULL, 978645586, 'ELEUTERIOARPI@GMAIL.COM', 1, 1, 2, 5, 18, NULL, 'VERONICA LAURA JUAREZ');
INSERT INTO `docente` VALUES (180, '2266300', 'FLAVIO WALTER', 'CORNEJO', 'GALLEGOS', NULL, NULL, NULL, 958073404, 'flaviowaltercornejogallegos@gmail.com', 1, 1, 2, 1, 3, NULL, 'ALAN FERNANDEZ');
INSERT INTO `docente` VALUES (181, '2297139', 'leandro', 'cuno', 'hancco', NULL, NULL, NULL, 990554386, 'leandro1958@hotmail.com', 1, 1, 2, 3, 3, NULL, 'ALAN FERNANDEZ');
INSERT INTO `docente` VALUES (182, '1536333', 'MARTIN RAFAEL', 'UCHIRI', 'CAZORLA', NULL, NULL, NULL, 950353778, 'MARTINRAFA100@GMAIL.COM', 1, 1, 2, 5, 46, NULL, 'VERONICA LAURA JUAREZ');
INSERT INTO `docente` VALUES (183, '2299581', 'jhon eddie', 'cervantes', 'tapia', NULL, NULL, NULL, NULL, NULL, 1, 1, 2, 3, 3, 'formatos no actualizados', 'ALAN FERNANDEZ');
INSERT INTO `docente` VALUES (184, '29371416', 'PEDRO', 'VILCA', 'FLOREZ', NULL, NULL, NULL, 999937512, 'PEDROISPPA@HOTMAIL.COM', 1, 1, 2, 5, 46, NULL, 'VERONICA LAURA JUAREZ');
INSERT INTO `docente` VALUES (185, '1233898', 'GUILLERMO', 'UTURUNCO', 'MAMANI', NULL, NULL, NULL, 978646476, 'ACUARIOPDF20122012@GMAIL.COM', 1, 1, 2, 5, 46, NULL, 'VERONICA LAURA JUAREZ');
INSERT INTO `docente` VALUES (186, '2297141', 'hector orlando', 'apaza', 'mamani', '31/01/2021', '000102-2021-DREP', 'POR LIMITE DE EDAD', NULL, NULL, 1, 2, 2, 3, 131, 'cesó sin ACTUALIZACIÓN de formatos.', 'VERONICA LAURA JUAREZ');
INSERT INTO `docente` VALUES (187, '1483162', 'JULIO VICENTE', 'PONCE', 'VARGAS', NULL, NULL, NULL, 951991837, 'JUPOVAS@GMAIL.COM', 1, 1, 2, 5, 46, NULL, 'VERONICA LAURA JUAREZ');
INSERT INTO `docente` VALUES (188, '29571835', 'LUIS TEODORO', 'TICONA', 'CANAZA', NULL, NULL, NULL, 987702319, 'LUISTICO_2005@HOTMAIL.COM', 1, 1, 2, 5, 46, NULL, 'VERONICA LAURA JUAREZ');
INSERT INTO `docente` VALUES (189, '2265095', 'hOnorio erick', 'carreon', 'bravo', '01/03/2021', '000516-2021-drep', 'POR LIMITE DE EDAD', 969322332, 'carreoncb@gmail.com', 1, 2, 2, 3, 133, NULL, 'VERONICA LAURA JUAREZ');
INSERT INTO `docente` VALUES (190, '2426815', 'LIMPIAO FEDERICO', 'RODRIGO', 'COSSIO', NULL, NULL, NULL, 973153966, 'FEDERICKRODRI@GMAIL.COM', 1, 1, 2, 16, 42, 'reasignado de azangaro a puno', 'VERONICA LAURA JUAREZ');
INSERT INTO `docente` VALUES (191, '2382311', 'salustiano', 'cahuana', 'vargas', NULL, NULL, NULL, 971202053, 'vargassalutiano@gmail.com', 1, 1, 2, 4, 3, 'docente de PEDAGÓGICO ayaviri. (evaluar el traslado de caja)', 'ALAN FERNANDEZ');
INSERT INTO `docente` VALUES (192, '1826668', 'gerardo mercedino', 'chambilla', 'chaparro', NULL, NULL, NULL, 951972621, 'gerardoisa@gmail.com', 1, 1, 2, 3, 3, NULL, 'ALAN FERNANDEZ');
INSERT INTO `docente` VALUES (193, '1557854', 'PEDRO PABLO', 'QUISPE', 'MAMANI', NULL, NULL, NULL, NULL, NULL, 1, 1, 2, 5, 46, 'OJO OMISO. NO CUENTA CON LEGAJO PERSONAL', 'VERONICA LAURA JUAREZ');
INSERT INTO `docente` VALUES (194, '1483545', 'MARGARITA', 'APAZA', 'GUZMAN', '30/06/2022', '001637-2022-DREP', 'POR LIMITE DE EDAD', 974542730, 'APAZAMARGARET@GMAIL.COM', 2, 2, 3, 5, 131, NULL, 'VERONICA LAURA JUAREZ');
INSERT INTO `docente` VALUES (195, '1483947', 'SIGMARINA BEATRIZ', 'huanca', 'ñaupa', NULL, NULL, NULL, NULL, NULL, 1, 1, 2, 3, 48, 'no presento formatos.', 'ALAN FERNANDEZ');
INSERT INTO `docente` VALUES (196, '1544990', 'SERAPIO', 'CORDOBA', 'MAMANI', NULL, NULL, NULL, NULL, NULL, 2, 1, 3, 5, 49, 'FALTAN LOS 4 FORMATOS', 'VERONICA LAURA JUAREZ');
INSERT INTO `docente` VALUES (197, '2266642', 'emilio', 'mamani', 'machaca', NULL, NULL, NULL, 951658934, 'EMI_A2@HOTMAIL.COM', 1, 1, 2, 3, 48, NULL, 'ALAN FERNANDEZ');
INSERT INTO `docente` VALUES (198, '2297092', 'norma alida', 'huisa', 'ttito', NULL, NULL, NULL, NULL, NULL, 1, 1, 2, 3, 48, 'no presentó formatos de actualización.', 'ALAN FERNANDEZ');
INSERT INTO `docente` VALUES (199, '1695904', 'MARIANO CONCEPCION', 'MAMANI', 'CHOQUEHUANCA', '17/02/2021', '001042-2021-DREP', 'POR FALLECIMIENTO', NULL, NULL, 2, 2, 3, 5, 158, 'FALTAN LOS 4 FORMATOS', 'VERONICA LAURA JUAREZ');
INSERT INTO `docente` VALUES (200, '2297912', 'carlos', 'melo', 'quispe', '31/12/2021', '002372-2021-DREP', 'CESE A SOLICITUD', NULL, NULL, 1, 2, 2, 3, 159, 'cesó sin actualizar formatos.-CESA EN EL AÑO 2021', 'VERONICA LAURA JUAREZ');
INSERT INTO `docente` VALUES (201, '2360005', 'LUZ VIRGINIA', 'MOLLEAPAZA', 'ARISPE', '31/01/2022', '000453-2022-DREP', 'POR LIMITE DE EDAD', NULL, NULL, 2, 2, 3, 5, 159, 'FALTAN LOS 4 FORMATOS-CESA EN EL AÑO 2022', 'VERONICA LAURA JUAREZ');
INSERT INTO `docente` VALUES (202, '1499778', 'DIONY EFRIN', 'MAMANI', 'URO', NULL, NULL, NULL, 974661816, NULL, 2, 1, 3, 5, 49, NULL, 'VERONICA LAURA JUAREZ');
INSERT INTO `docente` VALUES (203, '1489481', 'LUIS BELTRAN', 'ARENAS', 'PAREDES', NULL, NULL, NULL, NULL, NULL, 2, 1, 3, 5, 49, 'OJO OMISO, NO TIENE LEGAJO PERSONAL', 'VERONICA LAURA JUAREZ');
INSERT INTO `docente` VALUES (204, '1480457', 'TOMAS', 'PAREDES', 'CALCINA', '30/09/2022', '002486-2022-DREP', 'POR LIMITE DE EDAD', 994524059, 'PAREDESCALCINA@GMAIL.COM', 2, 2, 3, 5, 160, 'CESA EN EL AÑO 2022', 'VERONICA LAURA JUAREZ');
INSERT INTO `docente` VALUES (205, '1550459', 'GREGORIA', 'VILAVILA', 'CCAHUA', NULL, NULL, NULL, 983182793, 'GOYITAVILAVILA@HOTMAIL.COM', 2, 1, 3, 5, 49, NULL, 'VERONICA LAURA JUAREZ');
INSERT INTO `docente` VALUES (206, '29442796', 'VICTOR WILAR', 'ÑAUPA', 'ÑAUPA', NULL, NULL, NULL, 921318603, 'VICTORWILAR124@GMAIL.COM', 2, 1, 3, 5, 49, NULL, 'VERONICA LAURA JUAREZ');
INSERT INTO `docente` VALUES (207, '1481976', 'BUENAVENTURO', 'LAURA', 'LAYME', NULL, NULL, NULL, NULL, NULL, 2, 1, 3, 5, 49, 'FALTAN LOS 4 FORMATOS', 'VERONICA LAURA JUAREZ');
INSERT INTO `docente` VALUES (208, '1491615', 'FELIX', 'RAMOS', 'RAMOS', NULL, NULL, NULL, NULL, NULL, 2, 1, 3, 5, 49, 'FALTAN LOS 4 FORMATOS', 'VERONICA LAURA JUAREZ');
INSERT INTO `docente` VALUES (209, '29642155', 'carlos ali', 'malaga', 'deza', '31/08/2021', '001763-2021-DREP', 'POR LIMITE DE EDAD', NULL, NULL, 1, 3, 2, 3, 126, 'cesó sin presentar los formatos de actualización.', 'VERONICA LAURA JUAREZ');
INSERT INTO `docente` VALUES (210, '1530537', 'DOMINGO CELESTINO', 'CUEVAS', 'CALAPUJA', '28/02/2022', '000452-2022-DREP', 'POR LIMITE DE EDAD', NULL, NULL, 2, 2, 3, 5, 134, 'FALTAN LOS 4 FORMATOS', 'VERONICA LAURA JUAREZ');
INSERT INTO `docente` VALUES (211, '1319536', 'melanio fortunato', 'mamani', 'vargas', NULL, NULL, NULL, 966868616, 'MALANIO_PUNO@HOTMAIL.COM', 1, 1, 2, 4, 48, 'docente de PEDAGÓGICO, se recomienda reubicar, caja.', 'ALAN FERNANDEZ');
INSERT INTO `docente` VALUES (212, '29692516', 'yolanda irene', 'perez', 'florez', NULL, NULL, NULL, 958613170, 'YOLAPEREZFLOREZ@HOTMAIL.COM', 1, 1, 2, 4, 50, 'docente de PEDAGÓGICO.', 'ALAN FERNANDEZ');
INSERT INTO `docente` VALUES (213, '1230047', 'BIENVENIDO', 'ACERO', 'BARRAZA', NULL, NULL, NULL, 951055500, 'BACEROB@HOTMAIL.COM', 1, 1, 2, 16, 42, NULL, 'VERONICA LAURA JUAREZ');
INSERT INTO `docente` VALUES (214, '2145354', 'juan pastor', 'pari', 'huaccasi', NULL, NULL, NULL, NULL, NULL, 1, 1, 2, 3, 50, 'no presentó formatos.', 'ALAN FERNANDEZ');
INSERT INTO `docente` VALUES (215, '29253382', 'JUAN FRANCISCO', 'BARRIONUEVO', 'VALERO', NULL, NULL, NULL, 951688725, 'JUANBARR135@HOTMAIL.COM', 1, 1, 2, 16, 42, NULL, 'VERONICA LAURA JUAREZ');
INSERT INTO `docente` VALUES (216, '29390809', 'felix mirardo', 'paniagua', 'machicao', NULL, NULL, NULL, 986221741, 'FPANIAGUAM@HOTMAIL.COM', 1, 1, 2, 4, 50, NULL, 'ALAN FERNANDEZ');
INSERT INTO `docente` VALUES (217, '1224738', 'VICTOR ORLANDO', 'AYLLON', 'GEMIO', '31/10/2021', '002035-2021-DREP', 'CESE A SOLICITUD', NULL, NULL, 1, 3, 2, 16, 124, 'FALTAN LOS 4 FORMATOS', 'VERONICA LAURA JUAREZ');
INSERT INTO `docente` VALUES (218, '1208083', 'MARCO ANTONIO', 'ARDILES', 'CATACORA', NULL, NULL, NULL, 915354411, 'MARDILESC@GMAIL.COM', 1, 1, 1, 16, 42, NULL, 'VERONICA LAURA JUAREZ');
INSERT INTO `docente` VALUES (219, '2418890', 'HERNAN ROLANDO', 'APAZA', 'PINTO', NULL, NULL, NULL, 959999326, 'HAPAZA.64@GMAIL.COM', 1, 1, 2, 16, 42, NULL, 'VERONICA LAURA JUAREZ');
INSERT INTO `docente` VALUES (220, '1230258', 'matias sergio', 'solorzano', 'apaza', '05/01/2021', '000508-2021-DREP', 'POR FALLECIMIENTO', 950006643, 'SERGINIO022@HOTMAIL.COM', 1, 2, 2, 3, 166, 'FALLECIÓ durante el mes de su cese por limite de edad.- CESA EN EL AÑO 2021', 'VERONICA LAURA JUAREZ');
INSERT INTO `docente` VALUES (221, '1206512', 'ismael', 'nuñez', 'condori', NULL, NULL, NULL, 931846130, 'INUEZ404@GMAIL.COM', 1, 1, 2, 4, 50, NULL, 'ALAN FERNANDEZ');
INSERT INTO `docente` VALUES (222, '1296706', 'augusto edgar', 'paredes', 'astrulla', NULL, NULL, NULL, 950090009, 'AEPAEDUPE@GMAIL.COM', 1, 1, 2, 4, 50, NULL, 'ALAN FERNANDEZ');
INSERT INTO `docente` VALUES (223, '1215108', 'MARTIN HUMBERTO', 'CASTILLO', 'APAZA', '31/10/2021', '002032-2021-DREP.', 'CESE A SOLICITUD', NULL, NULL, 1, 3, 2, 16, 125, NULL, 'VERONICA LAURA JUAREZ');
INSERT INTO `docente` VALUES (224, '2299049', 'miguel alejandro', 'mendoza', 'loza', NULL, NULL, NULL, NULL, NULL, 1, 1, 2, 3, 50, 'no presento formatos para ACTUALIZACIÓN.', 'ALAN FERNANDEZ');
INSERT INTO `docente` VALUES (225, '1317862', 'RICARDO', 'DELGADO', 'RAMOS', NULL, NULL, NULL, 951683683, 'RDELGADO.PEDAGOGICO@GMAIL.COM', 1, 1, 2, 16, 52, NULL, 'VERONICA LAURA JUAREZ');
INSERT INTO `docente` VALUES (226, '2390139', 'BELTRAN ERASMO', 'CASTILLO', 'CACERES', NULL, NULL, NULL, 984830405, 'YABE5757@HOTMAIL.COM', 1, 1, 2, 16, 42, 'FALTAN LOS 4 FORMATOS', 'VERONICA LAURA JUAREZ');
INSERT INTO `docente` VALUES (227, '1224173', 'ARCADIO MODESTO', 'JARA', 'AQUISE', NULL, NULL, NULL, 951745828, 'JARAARCADIO@HOTMAIL.COM', 1, 1, 2, 16, 42, NULL, 'VERONICA LAURA JUAREZ');
INSERT INTO `docente` VALUES (228, '29412018', 'DICK YURI', 'DUEÑAS', 'MELO', NULL, NULL, NULL, NULL, NULL, 1, 1, 2, 16, 42, 'FALTAN LOS 4 FORMATOS', 'VERONICA LAURA JUAREZ');
INSERT INTO `docente` VALUES (229, '1318979', 'ELIANA HONORIA', 'PINEDA', 'MACEDO', NULL, NULL, NULL, 987177637, 'EPIMA2012@GMAIL.COM', 1, 1, 2, 16, 52, NULL, 'VERONICA LAURA JUAREZ');
INSERT INTO `docente` VALUES (230, '1204465', 'SEFERINO', 'PINAZO', 'BARRIGA', '31/01/2021', '000100-2021-DREP', 'POR LIMITE DE EDAD', NULL, NULL, 1, 2, 2, 16, 160, 'FALTAN LOS 4 FORMATOS-CESA EN EL AÑO 2021', 'VERONICA LAURA JUAREZ');
INSERT INTO `docente` VALUES (231, '2260857', 'rOmulo', 'sullca', 'ttito', NULL, NULL, NULL, 951141731, 'RSTITO25@HOTMAIL.COM', 1, 1, 2, 4, 57, NULL, 'VERONICA LAURA JUAREZ');
INSERT INTO `docente` VALUES (232, '29625318', 'VICTOR hernan', 'yucra', 'quispe', NULL, NULL, NULL, NULL, NULL, 1, 1, 2, 4, 57, 'no presentó formatos para actualización.', 'VERONICA LAURA JUAREZ');
INSERT INTO `docente` VALUES (233, '2260374', 'angelino', 'yana', 'condori', '31/08/2021', '001695-2021-DREP', 'POR LIMITE DE EDAD', NULL, NULL, 1, 3, 2, 3, 129, 'cesó sin actualizar formatos.', 'VERONICA LAURA JUAREZ');
INSERT INTO `docente` VALUES (234, '1264380', 'luis', 'zevallos', 'suaña', '31/10/2022', '002585-2022-DREP', 'POR LIMITE DE EDAD', NULL, NULL, 1, 2, 2, 3, 169, 'cesó sin actualizar formatos. CESA EN EL AÑO 2022', 'VERONICA LAURA JUAREZ');
INSERT INTO `docente` VALUES (235, '29523496', 'MARIA ELENA', 'PAZO', 'PRIETO', NULL, NULL, NULL, NULL, NULL, 1, 1, 2, 16, 52, 'NO SE ENCUENTRA EN AYNI', 'VERONICA LAURA JUAREZ');
INSERT INTO `docente` VALUES (236, '2409174', 'LUIS', 'QUISPE', 'APAZA', NULL, NULL, NULL, NULL, NULL, 1, 1, 2, 16, 54, 'FALTAN LOS 4 FORMATOS', 'VERONICA LAURA JUAREZ');
INSERT INTO `docente` VALUES (237, '1234981', 'LUIS ANGEL', 'PAUCAR', 'FLORES', NULL, NULL, NULL, NULL, 'LPAUCARF@GMAIL.COM', 1, 1, 2, 15, 41, 'permuta de puno a juli', 'VERONICA LAURA JUAREZ');
INSERT INTO `docente` VALUES (238, '1212904', 'VILMA ROSAURA', 'PARICUHUA', 'MAMANI', NULL, NULL, NULL, 932112998, 'ROSAURAPARICAHUA1@GMAIL.COM', 1, 1, 2, 16, 52, NULL, 'VERONICA LAURA JUAREZ');
INSERT INTO `docente` VALUES (239, '1212128', 'BETTY JEANETT', 'RAMIREZ', 'ATENCIO', NULL, NULL, NULL, 987881478, NULL, 1, 1, 2, 16, 54, NULL, 'VERONICA LAURA JUAREZ');
INSERT INTO `docente` VALUES (240, '1215898', 'DOMINGA VIANNEY', 'RAMIREZ', 'RAMIREZ', '31/08/2021', '001727-2021-DREP', 'POR LIMITE DE EDAD', 940723343, 'DOMVIRA@GMAIL.COM', 1, 2, 2, 16, 165, 'CESA EN EL AÑO 2021', 'VERONICA LAURA JUAREZ');
INSERT INTO `docente` VALUES (241, '2405953', 'JESUS', 'VILCAPAZA', 'CCUNO', NULL, NULL, NULL, 910648337, 'JVILCAPAZAC@EMAIL.COM', 1, 1, 2, 16, 54, NULL, 'VERONICA LAURA JUAREZ');
INSERT INTO `docente` VALUES (242, '1222805', 'MIRIAN MARIA', 'ROJAS', 'GORDILLO', NULL, NULL, NULL, 951059555, 'MIKYGORDILLO1@YAHOO.ES', 1, 1, 2, 16, 54, NULL, 'VERONICA LAURA JUAREZ');
INSERT INTO `docente` VALUES (243, '29395134', 'MARIA NELLY', 'RAMOS', 'ROJAS', NULL, NULL, NULL, 956301730, 'NELLYRAMOS2021@GMAIL.COM', 1, 1, 2, 16, 54, NULL, 'VERONICA LAURA JUAREZ');
INSERT INTO `docente` VALUES (244, '1211847', 'ROGER MARCO', 'RAMOS', 'ORTEGA', NULL, NULL, NULL, NULL, NULL, 1, 1, 2, 16, 54, 'ES FALLECIDO', 'VERONICA LAURA JUAREZ');
INSERT INTO `docente` VALUES (245, '2439798', 'SILVIO', 'QUISPE', 'QUISPE', NULL, NULL, NULL, NULL, NULL, 1, 1, 3, 1, 54, 'OMISO NO TIENE LEGAJO PERSONAL', 'VERONICA LAURA JUAREZ');
INSERT INTO `docente` VALUES (246, '1277099', 'GABRIEL', 'CHIPANA', 'ASQUI', '28/02/2022', '000450-2022-DREP', 'POR LIMITE DE EDAD', NULL, NULL, 2, 2, 3, 16, 135, 'FALTAN LOS 4 FORMATOS', 'VERONICA LAURA JUAREZ');
INSERT INTO `docente` VALUES (247, '1201977', 'MARIANO', 'NAHUINCHO', 'COLQUE', NULL, NULL, NULL, 936571916, NULL, 2, 1, 3, 16, 55, NULL, 'VERONICA LAURA JUAREZ');
INSERT INTO `docente` VALUES (248, '1214204', 'ANGEL', 'BERRIO', 'HUARAHUARA', NULL, NULL, NULL, 928455203, 'BERRIOHUARAHUARAANGEL@GMAIL.COM', 2, 1, 3, 16, 55, NULL, 'VERONICA LAURA JUAREZ');
INSERT INTO `docente` VALUES (249, '1285584', 'YVONNE SOFIA', 'MOLINA', 'PINEDA', NULL, NULL, NULL, 950400701, 'IVONNESOFIA@GMAIL.COM', 2, 1, 3, 16, 55, NULL, 'VERONICA LAURA JUAREZ');
INSERT INTO `docente` VALUES (250, '1288492', 'AVELINA', 'CALCINA', 'CHAMBI', NULL, NULL, NULL, 971021885, 'LINA10CALCINA@GMAIL.COM', 2, 1, 3, 16, 55, NULL, 'VERONICA LAURA JUAREZ');
INSERT INTO `docente` VALUES (251, '23915971', 'JULIO ROLANDO', 'CHAMBIZEA', 'DELGADO', NULL, NULL, NULL, NULL, NULL, 2, 1, 3, 16, 55, 'FALTAN LOS 4 FORMATOS', 'VERONICA LAURA JUAREZ');
INSERT INTO `docente` VALUES (252, '1228087', 'PERCY ANGEL', 'GONZALES', 'CULTIPA', NULL, NULL, NULL, 961991146, 'PERCYGC22@HOTMAIL.COM', 2, 1, 3, 16, 55, NULL, 'VERONICA LAURA JUAREZ');
INSERT INTO `docente` VALUES (253, '1308671', 'GODOFREDO', 'AGUILAR', 'CONDORI', NULL, NULL, NULL, 971588762, 'GODOX16@HOTMAIL.COM', 2, 1, 3, 16, 55, NULL, 'VERONICA LAURA JUAREZ');
INSERT INTO `docente` VALUES (254, '1284768', 'BENJAMIN FELIX', 'MAMANI', 'YUCRA', NULL, NULL, NULL, NULL, NULL, 2, 1, 3, 16, 55, 'FALTAN LOS 4 FORMATOS', 'VERONICA LAURA JUAREZ');
INSERT INTO `docente` VALUES (255, '2365071', 'MARTHA', 'RAMOS', 'CONDORI', NULL, NULL, NULL, 988629704, 'MRTRMS12345@GMAIL.COM', 2, 1, 3, 16, 56, NULL, 'VERONICA LAURA JUAREZ');
INSERT INTO `docente` VALUES (256, '1297517', 'JUANA', 'SALAZAR', 'MACHICAO', NULL, NULL, NULL, 995577902, 'JUASAMASALAZARMACHICAO@GMAIL.COM', 2, 1, 3, 16, 56, NULL, 'VERONICA LAURA JUAREZ');
INSERT INTO `docente` VALUES (257, '1217670', 'DIEGO AURELIO', 'NUÑEZ', 'TICONA', NULL, NULL, NULL, 921189985, 'YASMINPINEDA39@GMAIL.COM', 2, 1, 3, 16, 56, NULL, 'VERONICA LAURA JUAREZ');
INSERT INTO `docente` VALUES (258, '2299305', 'amalia', 'bejar', 'acosta', NULL, NULL, NULL, 978659338, 'AMALIABEJARACOSTA@GMAIL.COM', 2, 1, 3, 3, 57, NULL, 'ALAN FERNANDEZ');
INSERT INTO `docente` VALUES (259, '1205368', 'AURELIO', 'RAMOS', 'VILCA', NULL, NULL, NULL, 951868019, NULL, 2, 1, 3, 16, 56, NULL, 'VERONICA LAURA JUAREZ');
INSERT INTO `docente` VALUES (260, '1297522', 'ROSA MARGARITA', 'VARGAS', 'FLORES', NULL, NULL, NULL, 951922986, 'ROSA_MVF@HOTMAIL.COM', 2, 1, 3, 16, 56, NULL, 'VERONICA LAURA JUAREZ');
INSERT INTO `docente` VALUES (261, '2272539', 'gregorio serafin', 'cucho', 'huaynacho', NULL, NULL, NULL, 921175785, 'G.CUHO@IETPAYAVIRI.EDU.PE', 2, 1, 3, 3, 57, NULL, 'ALAN FERNANDEZ');
INSERT INTO `docente` VALUES (262, '1217186', 'ALEJANDRINA', 'ZEA', 'HUARAYA', NULL, NULL, NULL, 950043810, 'ALEJANDRINAZEA@GMAIL.COM', 2, 1, 3, 16, 56, NULL, 'VERONICA LAURA JUAREZ');
INSERT INTO `docente` VALUES (263, '1205608', 'MARTINA', 'SANTOS', 'ROJAS', NULL, NULL, NULL, 996848802, NULL, 2, 1, 3, 16, 56, NULL, 'VERONICA LAURA JUAREZ');
INSERT INTO `docente` VALUES (264, '41150928', 'arturo cesar', 'cespedes', 'huisa', NULL, NULL, NULL, 935627487, 'ACESPEDESH@GMAIL.COM', 2, 1, 3, 3, 57, NULL, 'ALAN FERNANDEZ');
INSERT INTO `docente` VALUES (265, '2262617', 'filomena', 'atamari', 'loaiza', NULL, NULL, NULL, 951881281, 'ATALOMARY@HOTMAIL.COM', 2, 1, 3, 3, 57, NULL, 'ALAN FERNANDEZ');
INSERT INTO `docente` VALUES (266, '2298983', 'ester', 'GARCiA', 'arizaca', NULL, NULL, NULL, 973207070, 'EGARCIAA01@HOTMAIL.COM', 2, 1, 3, 4, 57, 'personal de PEDAGÓGICO.', 'ALAN FERNANDEZ');
INSERT INTO `docente` VALUES (267, '1204425', 'JULIO ALONSO', 'CONDORI', 'CERDAN', '31/10/2020', '001740-2020-DREP', 'POR LIMITE DE EDAD', NULL, NULL, 1, 3, 2, 17, 125, 'FALTAN LOS 4 FORMATOS', 'VERONICA LAURA JUAREZ');
INSERT INTO `docente` VALUES (268, '2267183', 'gilmar', 'alosilla', 'paredes', NULL, NULL, NULL, 950006667, 'GPAREDES_25@HOTMAIL.COM', 2, 1, 3, 4, 57, 'personal de PEDAGÓGICO.', 'ALAN FERNANDEZ');
INSERT INTO `docente` VALUES (269, '2363540', 'MAURO GREGORIO', 'AYAMAMANI', 'YANQUI', NULL, NULL, NULL, 996999183, 'MUSUQYACHAY@HOTMAIL.COM', 1, 1, 2, 17, 58, NULL, 'VERONICA LAURA JUAREZ');
INSERT INTO `docente` VALUES (270, '2362160', 'BALVINO', 'ARIAS', 'QUISPE', NULL, NULL, NULL, 951927372, 'BALVINOARIAS@HOTMAIL.COM', 1, 1, 2, 17, 58, NULL, 'VERONICA LAURA JUAREZ');
INSERT INTO `docente` VALUES (271, '1221398', 'CARLOS RICARDO', 'ARIAS', 'LIZARES', NULL, NULL, NULL, 942079690, 'CARLOSARIAS0409@GMAIL.COM', 1, 1, 2, 17, 58, NULL, 'VERONICA LAURA JUAREZ');
INSERT INTO `docente` VALUES (272, '2406044', 'MIGUEL ANGEL', 'CRUZ', 'VELASQUEZ', NULL, NULL, NULL, NULL, NULL, 1, 1, 2, 17, 58, 'OJO FALTAN LOS 4 FORMATOS', 'VERONICA LAURA JUAREZ');
INSERT INTO `docente` VALUES (273, '1314994', 'CARMEN ROSA', 'FLORES', 'FLORES', NULL, NULL, NULL, 999366162, 'CARMEN_ROSA50@HOTMAIL.COM', 1, 1, 2, 17, 58, NULL, 'VERONICA LAURA JUAREZ');
INSERT INTO `docente` VALUES (274, '2398950', 'MARIO', 'AGUILAR', 'FRUNA', NULL, NULL, NULL, 951510651, 'MAFRUNA@HOTMAIL.COM', 1, 1, 2, 17, 58, NULL, 'VERONICA LAURA JUAREZ');
INSERT INTO `docente` VALUES (275, '43731911', 'marisol', 'huanca', 'flores', NULL, NULL, NULL, 931059690, 'MAR.SOLHF17@GMAIL.COM', 2, 1, 3, 4, 59, NULL, 'ALAN FERNANDEZ');
INSERT INTO `docente` VALUES (276, '2145350', 'MACIAS PLATON', 'MAMANI', 'VARGAS', NULL, NULL, NULL, 951496827, 'PLATONVM17@GMAIL.COM', 1, 1, 2, 17, 60, NULL, 'VERONICA LAURA JUAREZ');
INSERT INTO `docente` VALUES (277, '45980960', 'elizabeth', 'pacsi', 'mamani', NULL, NULL, NULL, 983352536, 'PACSIMAMANIELIZABETH@GAMIL.COM', 2, 1, 3, 3, 59, NULL, 'ALAN FERNANDEZ');
INSERT INTO `docente` VALUES (278, '406739', 'LUIS ALBERTO', 'MAMANI', 'MORALES', '30/11/2020', '001741-2020-DREP', 'POR LIMITE DE EDAD', 951880168, NULL, 1, 2, 2, 17, 158, 'FALTAN LOS 4 FORMATOS-CESA EN EL AÑO 2020', 'VERONICA LAURA JUAREZ');
INSERT INTO `docente` VALUES (279, '2282038', 'rosendo victor', 'lima', 'ticona', NULL, NULL, NULL, 994488943, 'rvlimaticona@gmail.com', 2, 1, 3, 3, 59, 'registro eliminado de sistema ayni.', 'ALAN FERNANDEZ');
INSERT INTO `docente` VALUES (280, '2406446', 'MARCO EDGARDO', 'DIAZ', 'GUZMAN', NULL, NULL, NULL, 951757400, 'DEZAMARCO1@GMAIL.COM', 1, 1, 2, 17, 60, NULL, 'VERONICA LAURA JUAREZ');
INSERT INTO `docente` VALUES (281, '2290615', 'florentina', 'morales', 'javier', NULL, NULL, NULL, 983380304, NULL, 1, 1, 3, 4, 59, 'no presentó formatos para actualización.', 'ALAN FERNANDEZ');
INSERT INTO `docente` VALUES (282, '4431212', 'NAPOLEON DANIEL', 'HUACHO', 'MAQUERA', NULL, NULL, NULL, 999232230, 'DANIEL_HM12@HOTMAIL.COM', 1, 1, 2, 17, 60, NULL, 'VERONICA LAURA JUAREZ');
INSERT INTO `docente` VALUES (283, '1328508', 'HIPOLITO', 'LAURACIO', 'TICONA', NULL, NULL, NULL, 996114355, 'HIPOLITO.LAURACIO.2012@GMAIL.COM', 1, 1, 2, 17, 61, NULL, 'VERONICA LAURA JUAREZ');
INSERT INTO `docente` VALUES (284, '2410921', 'YOLANDA JESUS', 'FLOREZ', 'DE SANABRIA', NULL, NULL, NULL, 951989818, 'CAPRICORNIO58024@GMAIL.COM', 1, 1, 2, 17, 60, NULL, 'VERONICA LAURA JUAREZ');
INSERT INTO `docente` VALUES (285, '2403016', 'PASCUAL', 'HUANCAPAZA', 'MAMANI', NULL, NULL, NULL, 931484463, 'PASCUAL_HM@LIVE.COM', 1, 1, 2, 17, 60, NULL, 'VERONICA LAURA JUAREZ');
INSERT INTO `docente` VALUES (286, '2419610', 'FREDY SALOMON', 'GUZMAN', 'ZUÑIGA', NULL, NULL, NULL, 951661232, 'SMIGOL1361@GMAIL.COM', 1, 1, 2, 17, 60, NULL, 'VERONICA LAURA JUAREZ');
INSERT INTO `docente` VALUES (287, '2362553', 'anacleto', 'yanqui', 'baldarrago', '31/07/2020', '001346-2020-DREP', 'POR LIMITE DE EDAD', NULL, NULL, 2, 2, 3, 3, 169, 'FALTA FORMATOS -CESA EN EL AÑO 2020', 'VERONICA LAURA JUAREZ');
INSERT INTO `docente` VALUES (288, '1287032', 'WILBER RAUL', 'CUTIPA', 'PEREZ', NULL, NULL, NULL, 950990418, 'WILBERCITO444@GMAIL.COM', 1, 1, 2, 17, 60, NULL, 'VERONICA LAURA JUAREZ');
INSERT INTO `docente` VALUES (289, '2432147', 'RUTH MERY', 'QUIÑONES', 'SURCO', NULL, NULL, NULL, 941962342, 'RUTHMERY_QS@HOTMAIL.COM', 1, 1, 2, 17, 61, NULL, 'VERONICA LAURA JUAREZ');
INSERT INTO `docente` VALUES (290, '1214087', 'RENE ISMAEL', 'PERCCA', 'QUISPE', NULL, NULL, NULL, 951688012, 'IPERCCAVALDEZ@GMAIL.COM', 1, 1, 2, 17, 61, NULL, 'VERONICA LAURA JUAREZ');
INSERT INTO `docente` VALUES (291, '2272073', 'CIRO ANATOLIO', 'RAMOS', 'JARA', NULL, NULL, NULL, 947001300, 'CERO1234@HOTMAIL.COM', 1, 1, 2, 17, 61, NULL, 'VERONICA LAURA JUAREZ');
INSERT INTO `docente` VALUES (292, '42907949', 'evelyn alicia', 'valdez', 'condori', NULL, NULL, NULL, NULL, NULL, 1, 1, 3, 4, 59, 'no presentó formatos para actualización.', 'ALAN FERNANDEZ');
INSERT INTO `docente` VALUES (293, '2275393', 'pascual', 'lima', 'ttito', NULL, NULL, NULL, 956958122, NULL, 2, 1, 3, 4, 59, 'no presentó formatos de actualización.', 'ALAN FERNANDEZ');
INSERT INTO `docente` VALUES (294, '2266823', 'isaac roberto', 'medina', 'bravo', NULL, NULL, NULL, NULL, NULL, 2, 1, 3, 3, 59, 'no presentó FORMATOS para ACTUALIZACIÓN .', 'ALAN FERNANDEZ');
INSERT INTO `docente` VALUES (295, '2145536', 'LEONCIO ELEODORO', 'ZEBALLOS', 'ZAPANA', NULL, NULL, NULL, 951316999, 'LEZZ_050@HOTMAIL.COM', 1, 1, 2, 17, 62, NULL, 'VERONICA LAURA JUAREZ');
INSERT INTO `docente` VALUES (296, '2425115', 'ELIZABETH', 'ZE', 'VEGA', NULL, NULL, NULL, 995457788, 'ELIZY2608@HOTMAIL.COM', 1, 1, 2, 17, 62, NULL, 'VERONICA LAURA JUAREZ');
INSERT INTO `docente` VALUES (297, '2391175', 'NILO RODOLFO', 'ZEA', 'MAMANI', NULL, NULL, NULL, 916491252, 'NIROZEMA3004@GMAIL.COM', 1, 1, 2, 17, 62, NULL, 'VERONICA LAURA JUAREZ');
INSERT INTO `docente` VALUES (298, '2263485', 'FLORA ADELA', 'FLORES', 'PACHA', NULL, NULL, NULL, 986865708, 'FLORAFLORES16@HOTMAIL.COM', 2, 1, 3, 17, 63, NULL, 'VERONICA LAURA JUAREZ');
INSERT INTO `docente` VALUES (299, '2394942', 'ELIZABETH JULIANA', 'AÑACATO', 'BORDA', NULL, NULL, NULL, 944666936, 'ELIZABETHAB019@GMAIL.COM', 2, 1, 3, 17, 63, NULL, 'VERONICA LAURA JUAREZ');
INSERT INTO `docente` VALUES (300, '2363191', 'AURELIO', 'VELASQUEZ', 'QUEA', NULL, NULL, NULL, 996677611, NULL, 2, 1, 3, 17, 63, NULL, 'VERONICA LAURA JUAREZ');
INSERT INTO `docente` VALUES (301, '2365260', 'BALTAZAR SAUL', 'ROSSEL', 'ATANASIO', NULL, NULL, NULL, 951935643, 'SAULITOROSSEL@GMAIL.COM', 2, 1, 3, 17, 63, NULL, 'VERONICA LAURA JUAREZ');
INSERT INTO `docente` VALUES (302, '29658211', 'JAVIER', 'VELASQUEZ', 'HUANCAPAZA', '18/08/2020', '001984-2020-DREP', 'POR FALLECIMIENTO', NULL, NULL, 2, 2, 3, 17, 168, 'FALTAN LOS 4 FORMATOS-CESA EN EL AÑO 2020', 'VERONICA LAURA JUAREZ');
INSERT INTO `docente` VALUES (303, '2042677', 'JUANA', 'CONDORI', 'CHAMBI', NULL, NULL, NULL, 999131482, 'JUANACONDORICHAMBI@GMAIL.COM', 2, 1, 3, 17, 63, NULL, 'VERONICA LAURA JUAREZ');
INSERT INTO `docente` VALUES (304, '1314985', 'javier', 'cutipa', 'mamani', NULL, NULL, NULL, 978053850, 'javierjcm9@hotmail.com', 2, 1, 3, 11, 74, NULL, 'VERONICA LAURA JUAREZ');
INSERT INTO `docente` VALUES (305, '2381625', 'JESUS', 'ATASI', 'GILASACA', NULL, NULL, NULL, 999707072, NULL, 2, 1, 3, 17, 63, NULL, 'VERONICA LAURA JUAREZ');
INSERT INTO `docente` VALUES (306, '2413764', 'HERNAN', 'CUADROS', 'CALSIN', NULL, NULL, NULL, 974328840, 'HCUADROS66@GMAIL.COM', 2, 1, 3, 17, 63, NULL, 'VERONICA LAURA JUAREZ');
INSERT INTO `docente` VALUES (307, '2031212', 'ZENON', 'QUISPE', 'PERALTA', NULL, NULL, NULL, 957111187, NULL, 2, 1, 3, 17, 63, 'FALTAN LOS 4 FORMATOS', 'VERONICA LAURA JUAREZ');
INSERT INTO `docente` VALUES (308, '1985857', 'HUMBERTO', 'VALENCIA', 'LAYME', '22/02/2021', '001362-2021-DREP', 'POR FALLECIMIENTO', NULL, NULL, 2, 2, 3, 17, 168, 'CESA EN EL AÑO 2021', 'VERONICA LAURA JUAREZ');
INSERT INTO `docente` VALUES (309, '2263487', 'OBERTO ARMANDO', 'PERALTA', 'HANCCO', NULL, NULL, NULL, 951526350, 'ARMANDO270357@GMAI.COM', 2, 1, 3, 17, 63, NULL, 'VERONICA LAURA JUAREZ');
INSERT INTO `docente` VALUES (310, '2367011', 'OSWALDO RICARDO', 'SUPO', 'APAZA', NULL, NULL, NULL, 951536690, 'RSUPO77@HOTMAIL.COM', 2, 1, 3, 17, 63, NULL, 'VERONICA LAURA JUAREZ');
INSERT INTO `docente` VALUES (311, '2437454', 'DUBAL', 'BARRIONUEVO', 'ABARCA', NULL, NULL, NULL, 951904056, 'DUBAL_B@HOTMAIL.COM', 1, 1, 2, 20, 66, NULL, 'VERONICA LAURA JUAREZ');
INSERT INTO `docente` VALUES (312, '1981250', 'florencio', 'huanatico', 'sancho', '30/11/2020', '001738-2020-drep', 'POR LIMITE DE EDAD', 988666687, 'FHUANATICO7@GMAIL.COM', 1, 3, 3, 11, 127, NULL, 'VERONICA LAURA JUAREZ');
INSERT INTO `docente` VALUES (313, '2361381', 'FRANCISCO', 'AGRAMONTE', 'TORO', NULL, NULL, NULL, 951331414, 'TOROFAT@HOTMAIL.COM', 1, 1, 2, 20, 66, NULL, 'VERONICA LAURA JUAREZ');
INSERT INTO `docente` VALUES (315, '2366726', 'ALFREDO', 'AZCUE', 'MEDINA', NULL, NULL, NULL, 991143686, 'AZCUEALFREDO@GMAIL.COM', 1, 1, 2, 20, 66, NULL, 'VERONICA LAURA JUAREZ');
INSERT INTO `docente` VALUES (316, '1991118', 'marY rosa america', 'vilca', 'de valencia', NULL, NULL, NULL, 961500774, 'MVILCA@DREPUNO.EDU.PE', 2, 1, 3, 11, 74, NULL, 'VERONICA LAURA JUAREZ');
INSERT INTO `docente` VALUES (317, '23896287', 'JORGE MARCOS', 'APAZA', 'ESCARCENA', NULL, NULL, NULL, 997315513, 'MARCOS_APAZA@HOTMAIL.COM', 1, 1, 2, 20, 66, NULL, 'VERONICA LAURA JUAREZ');
INSERT INTO `docente` VALUES (318, '1222208', 'amancio glicerio', 'zaraza', 'cruz', '30/04/2022', '000904-2022-drep', 'POR LIMITE DE EDAD', NULL, NULL, 2, 3, 3, 11, 127, 'cesó sin actualizar formatos.', 'VERONICA LAURA JUAREZ');
INSERT INTO `docente` VALUES (319, '2376264', 'LEOPOLDO', 'CARI', 'ORTIZ', '30/09/2022', '002485-2022-DREP', 'POR LIMITE DE EDAD', 944314244, 'LEOCARIORTIZ@HOTMAIL.COM', 1, 2, 2, 20, 134, NULL, 'VERONICA LAURA JUAREZ');
INSERT INTO `docente` VALUES (320, '1284634', 'ROGER ALDO', 'COLQUE', 'JARITA', NULL, NULL, NULL, 992186164, 'COLQUEROGER724@GMAIL.COM', 1, 1, 2, 20, 66, NULL, 'VERONICA LAURA JUAREZ');
INSERT INTO `docente` VALUES (321, '29422360', 'WILLIAM', 'CARDENAS', 'BUSTAMANTE', '20/10/2020', '001733-2020-DREP', 'POR FALLECIMIENTO', 950997797, NULL, 1, 2, 2, 20, 133, 'FALTAN LOS 4 FORMATOS', 'VERONICA LAURA JUAREZ');
INSERT INTO `docente` VALUES (322, '2395765', 'MAX ANIBAL', 'CAHUANA', 'HUALPA', NULL, NULL, NULL, 951645560, 'C_ANIBAL14@HOTMAIL.COM', 1, 1, 2, 20, 69, NULL, 'VERONICA LAURA JUAREZ');
INSERT INTO `docente` VALUES (323, '2389650', 'IRMA', 'CALLATA', 'PACORI', NULL, NULL, NULL, 940232307, 'IRMACALLATAP@GMAIL.COM', 1, 1, 2, 20, 69, NULL, 'VERONICA LAURA JUAREZ');
INSERT INTO `docente` VALUES (324, '29387754', 'JOSE SALVADOR', 'CASQUINO', 'MAMANI', NULL, NULL, NULL, 951467998, 'JOSESCASQUINOMAMANI@GMAIL.COM', 1, 1, 2, 20, 66, NULL, 'VERONICA LAURA JUAREZ');
INSERT INTO `docente` VALUES (325, '1225123', 'BONIFACIA', 'CAHUAPAZA', 'HUANCA', '30/11/2022', '002980-2022-DREP', 'POR LIMITE DE EDAD', 945515554, 'BONICHA111@HOTMAIL.COM', 1, 2, 2, 20, 133, NULL, 'VERONICA LAURA JUAREZ');
INSERT INTO `docente` VALUES (326, '1226057', 'NICOLAS', 'HUAQUI', 'VALDIVIA', '18/08/2020', '001691-2020-DREP', 'POR FALLECIMIENTO', 951819759, 'NHUAQUI@HOTMAIL.COM', 1, 3, 2, 20, 155, 'FALTAN LOS 4 FORMATOS', 'VERONICA LAURA JUAREZ');
INSERT INTO `docente` VALUES (327, '2432153', 'HERNAN HECTOR', 'HUAMAN', 'ARRATIA', NULL, NULL, NULL, 957681604, 'H_ARRATIA@HOTMAIL.COM', 1, 1, 2, 20, 69, NULL, 'VERONICA LAURA JUAREZ');
INSERT INTO `docente` VALUES (328, '1207510', 'ODOMNEL', 'DURAN', 'ROQUE', NULL, NULL, NULL, 935901110, 'ODOMNEL@HOTMAIL.COM', 1, 1, 2, 20, 69, NULL, 'VERONICA LAURA JUAREZ');
INSERT INTO `docente` VALUES (329, '2393856', 'DORA', 'COTA', 'CHOQUE', NULL, NULL, NULL, 961895631, 'AROD_57@HOTMAIL.COM', 1, 1, 2, 20, 69, NULL, 'VERONICA LAURA JUAREZ');
INSERT INTO `docente` VALUES (330, '2364060', 'FRANCISCO VIDAL', 'GONZALES', 'SANCHEZ', NULL, NULL, NULL, 968298191, 'VIDALGONSA536@GMAIL.COM', 1, 1, 2, 20, 69, NULL, 'VERONICA LAURA JUAREZ');
INSERT INTO `docente` VALUES (331, '2437011', 'EMILIO', 'LAZARO', 'AGUSTIN', '31/07/2020', '001348-2020-DREP', 'POR LIMITE DE EDAD', 951451299, 'EMILIOLAZRO@HOTMAIL.COM', 1, 2, 2, 20, 157, 'FALTAN LOS 4 FORMATOS-CESA EN EL AÑO 2020', 'VERONICA LAURA JUAREZ');
INSERT INTO `docente` VALUES (332, '2393976', 'LEOPOLDO BUENAVENTURA', 'CONDORI', 'LUQUE', '31/08/2021', '001726-2021-DREP', 'POR LIMITE DE EDAD', 951620663, 'LEOPOLDO.CONDORI@GMAIL.COM', 1, 2, 2, 20, 134, NULL, 'VERONICA LAURA JUAREZ');
INSERT INTO `docente` VALUES (333, '2373676', 'COSME', 'FERNANDEZ', 'HUARANCA', NULL, NULL, NULL, 988880593, 'LICCOSMEFERNANDEZ@GMAIL.COM', 1, 1, 2, 20, 69, NULL, 'VERONICA LAURA JUAREZ');
INSERT INTO `docente` VALUES (334, '2367015', 'VICENTE RAUL', 'MADARIAGA', 'romero', NULL, NULL, NULL, 951687779, 'VIRMAR55@HOTMAIL.COM', 1, 1, 2, 20, 70, NULL, 'VERONICA LAURA JUAREZ');
INSERT INTO `docente` VALUES (335, '1213364', 'CARLOS ADOLFO', 'lujan', 'urviola', NULL, NULL, NULL, 951822686, 'CALUJAN5@GMAIL.COM', 1, 1, 2, 20, 70, NULL, 'VERONICA LAURA JUAREZ');
INSERT INTO `docente` VALUES (336, '2420854', 'ROGER INDALECIO', 'MAMANI', 'PACORI', NULL, NULL, NULL, 983944818, NULL, 1, 1, 2, 20, 70, NULL, 'VERONICA LAURA JUAREZ');
INSERT INTO `docente` VALUES (337, '2410137', 'MAURA MARINA', 'LUQUE', 'MONJE', NULL, NULL, NULL, 914131227, 'MARINA.MONJE88@GMAIL.COM', 1, 1, 2, 20, 70, NULL, 'VERONICA LAURA JUAREZ');
INSERT INTO `docente` VALUES (338, '2374488', 'EDUARDO', 'LUJ', 'URVIOLA', NULL, NULL, NULL, 953762127, 'EDULUJAN040@HOTMAIL.COM', 1, 1, 2, 20, 70, NULL, 'VERONICA LAURA JUAREZ');
INSERT INTO `docente` VALUES (339, '1234370', 'EVARISTA', 'MEDINA', 'AEDO', NULL, NULL, NULL, 950447777, 'EVA.MEDINA.AEDO@GMAIL.COM', 1, 1, 2, 20, 70, NULL, 'VERONICA LAURA JUAREZ');
INSERT INTO `docente` VALUES (340, '2429150', 'RONALD', 'MADERA', 'TERAN', NULL, NULL, NULL, 985364477, 'RONREDMT@GMAIL.COM', 1, 1, 2, 20, 70, NULL, 'VERONICA LAURA JUAREZ');
INSERT INTO `docente` VALUES (341, '1292580', 'MELBO MIGUEL', 'PAREDES', 'POBLETE', NULL, NULL, NULL, 959224536, 'MIGUEL37@GMAIL.COM', 1, 1, 2, 20, 71, NULL, 'VERONICA LAURA JUAREZ');
INSERT INTO `docente` VALUES (342, '2402655', 'JOSE EDILFREDO', 'PONCE', 'RUBATTO', '30/11/2020', '002114-2020-DREP', 'POR LIMITE DE EDAD', NULL, NULL, 1, 3, 2, 20, 130, 'FALTAN LOS 4 FORMATOS', 'VERONICA LAURA JUAREZ');
INSERT INTO `docente` VALUES (343, '2417569', 'VICTOR FIDEL', 'PANDO', 'BELTRAN', NULL, NULL, NULL, 989994275, NULL, 1, 1, 2, 20, 71, NULL, 'VERONICA LAURA JUAREZ');
INSERT INTO `docente` VALUES (344, '2375760', 'LUIS', 'MERCADO', 'YANQUI', '30/09/2021', '001850-2021-DREP', 'POR LIMITE DE EDAD', NULL, NULL, 1, 2, 2, 20, 159, 'FALTAN LOS 4 FORMATOS-CESA EN EL AÑO 2021', 'VERONICA LAURA JUAREZ');
INSERT INTO `docente` VALUES (345, '1287751', 'RUBEN', 'RAMOS', 'CURO', NULL, NULL, NULL, 950007488, 'RAMOS640@HOTMAIL.COM', 1, 1, 2, 20, 71, NULL, 'VERONICA LAURA JUAREZ');
INSERT INTO `docente` VALUES (346, '29400502', 'EDWIN FRITH', 'REVILLA', 'VIENA', NULL, NULL, NULL, 962512968, 'EREVILLAVIENA@GMAIL.COM', 1, 1, 2, 20, 71, NULL, 'VERONICA LAURA JUAREZ');
INSERT INTO `docente` VALUES (347, '2436112', 'AMALIA', 'PEREZ', 'ABARCA', NULL, NULL, NULL, 990339103, 'PEREZAMALIA.656@GMAIL.COM', 1, 1, 2, 20, 71, NULL, 'VERONICA LAURA JUAREZ');
INSERT INTO `docente` VALUES (348, '2038599', 'WASHINGTON', 'SUCASAIRE', 'RAMOS', NULL, NULL, NULL, 990542105, 'SUCASAIREW@HOTMAIL.COM', 1, 1, 2, 20, 72, NULL, 'VERONICA LAURA JUAREZ');
INSERT INTO `docente` VALUES (349, '1327581', 'MAURO', 'TITO', 'PORTO', NULL, NULL, NULL, 951960007, 'MAELTI007@GMAIL.COM', 1, 1, 2, 20, 72, NULL, 'VERONICA LAURA JUAREZ');
INSERT INTO `docente` VALUES (350, '1235046', 'MARIELA MARTHA', 'TAVERA', 'ARAGON', NULL, NULL, NULL, 951605802, NULL, 1, 1, 2, 20, 72, NULL, 'VERONICA LAURA JUAREZ');
INSERT INTO `docente` VALUES (351, '1210828', 'JULIO', 'VALERO', 'GUTIERREZ', NULL, NULL, NULL, 992030388, 'JULIOVALEROGUTI@GMAIL.COM', 1, 1, 2, 20, 72, NULL, 'VERONICA LAURA JUAREZ');
INSERT INTO `docente` VALUES (352, '2371013', 'LUIS ALBERTO', 'VILCA', 'CONDORI', NULL, NULL, NULL, 935057720, 'RODAN.62@HOTMAIL.COM', 1, 1, 1, 20, 72, NULL, 'VERONICA LAURA JUAREZ');
INSERT INTO `docente` VALUES (353, '29607842', 'IVAN MARINO', 'TORRES', 'SACACA', NULL, NULL, NULL, 984077500, 'NAVINTORRES10@HOTMAIL.COM', 1, 1, 2, 20, 72, NULL, 'VERONICA LAURA JUAREZ');
INSERT INTO `docente` VALUES (354, '2394006', 'LIDIA SENA', 'CHAHUARA', 'AQUINO', NULL, NULL, NULL, 950453206, 'LIDIATECNO1985@GMAIL.COM', 2, 1, 3, 20, 73, NULL, 'VERONICA LAURA JUAREZ');
INSERT INTO `docente` VALUES (355, '2427785', 'DEMETRIO', 'CCALLO', 'MENDOZA', NULL, NULL, NULL, 916491817, 'DEMETRIOCALLOMENDOZA.@GMAIL.COM', 2, 1, 3, 20, 73, NULL, 'VERONICA LAURA JUAREZ');
INSERT INTO `docente` VALUES (356, '2366055', 'MOISES', 'HANCCO', 'CALCINA', NULL, NULL, NULL, 944261403, 'HANCCOCALCINAMOISES@GMAIL.COM', 2, 1, 2, 20, 73, NULL, 'VERONICA LAURA JUAREZ');
INSERT INTO `docente` VALUES (357, '2378705', 'DIOMEDES', 'MAMANI', 'HUARAYA', NULL, NULL, NULL, NULL, NULL, 2, 1, 3, 20, 73, 'FALTAN LOS 4 FORMATOS', 'VERONICA LAURA JUAREZ');
INSERT INTO `docente` VALUES (358, '2168019', 'ELY', 'LUNA', 'ESCOBAR DE PAYE', NULL, NULL, NULL, 951510192, 'LUNITA220463@GMAIL.COM', 2, 1, 3, 20, 73, NULL, 'VERONICA LAURA JUAREZ');
INSERT INTO `docente` VALUES (359, '2373764', 'ANIBAL ABAD', 'CONDORI', 'ORTEGA', NULL, NULL, NULL, 937522454, 'ANIBALTECNO196@GMAIL.COM', 2, 1, 3, 20, 73, NULL, 'VERONICA LAURA JUAREZ');
INSERT INTO `docente` VALUES (360, '2145785', 'MAURA NELLY', 'MAMANI', 'QUISOCALA', NULL, NULL, NULL, 951862960, 'MANELLY250967@GMAIL.COM', 2, 1, 3, 20, 73, NULL, 'VERONICA LAURA JUAREZ');
INSERT INTO `docente` VALUES (361, '2028167', 'INES', 'OTAZU', 'QUISPE', NULL, NULL, NULL, 928707424, 'OTAZUQUISPEINES@GMAIL.COM', 2, 1, 3, 20, 73, NULL, 'VERONICA LAURA JUAREZ');
INSERT INTO `docente` VALUES (362, '2145454', 'PEDRO', 'CRUZ', 'YARETA', NULL, NULL, NULL, 948462005, 'PCYARETA@HOTMAIL.COM', 2, 1, 3, 20, 73, NULL, 'VERONICA LAURA JUAREZ');
INSERT INTO `docente` VALUES (363, '1214218', 'fredesvinda', 'castillo', 'caceres', '31/08/2021', '001242-2021-DREP', 'POR LIMITE DE EDAD', 951933153, 'FRIDACASTILLO@HOTMAIL.COM', 2, 2, 3, 11, 132, NULL, 'VERONICA LAURA JUAREZ');
INSERT INTO `docente` VALUES (364, '01217172', 'genoveva', 'aguilar', 'DE GONZALES', NULL, NULL, NULL, 938474760, 'SUPERGENITO@HOTMAIL.COM', 2, 1, 3, 1, 74, NULL, 'ALAN FERNANDEZ');
INSERT INTO `docente` VALUES (365, '1489265', 'carmen isabel', 'castillo', 'apaza', '13/09/2021', '001701-2021-drep', 'POR FALLECIMIENTO', 959457350, NULL, 2, 2, 3, 11, 132, NULL, 'VERONICA LAURA JUAREZ');
INSERT INTO `docente` VALUES (366, '1281095', 'eliana', 'cartagena', 'gordillo', NULL, NULL, NULL, 951591066, 'elicarpun@hotmail.com', 2, 1, 3, 11, 74, NULL, 'ALAN FERNANDEZ');
INSERT INTO `docente` VALUES (367, '1221959', 'lucio', 'charaja', 'colque', NULL, NULL, NULL, 968808033, 'lucio_20007@hotmail.com', 2, 1, 3, 11, 74, NULL, 'ALAN FERNANDEZ');
INSERT INTO `docente` VALUES (368, '2432928', 'JHOEL EDGAR', 'ITO', 'QUISPE', NULL, NULL, NULL, 990861112, 'JHOELITOQ@GMAIL.COM', 2, 1, 3, 20, 75, NULL, 'VERONICA LAURA JUAREZ');
INSERT INTO `docente` VALUES (369, '2367964', 'LEOPOLDO', 'QUISPE', 'MAMANI', '01/03/2021', '000515-2021-DREP', 'POR LIMITE DE EDAD', NULL, NULL, 2, 2, 3, 20, 163, 'FALTAN LOS 4 FORMATOS-CESA EN EL AÑO 2021', 'VERONICA LAURA JUAREZ');
INSERT INTO `docente` VALUES (370, '1220256', 'ENRIQUETA', 'FLORES', 'RAMOS', '02/08/2022', '001876-2022-DREP', 'POR LIMITE DE EDAD', NULL, NULL, 2, 2, 3, 11, 132, NULL, 'VERONICA LAURA JUAREZ');
INSERT INTO `docente` VALUES (371, '7610260', 'RENE ANGEL', 'DE LA CRUZ', 'CENTELLAS', NULL, NULL, NULL, NULL, NULL, 2, 1, 3, 11, 76, 'NO PRESENTO FORMATOS PARA ACTUALIZACIÓN.', 'ALAN FERNANDEZ');
INSERT INTO `docente` VALUES (372, '2408019', 'EVA', 'ZABALA', 'REYES', '31/07/2020', '001344-2020-DREP', 'CESE A SOLICITUD', 941525115, 'EVAZAVALATECNO@GMAIL.COM', 2, 2, 3, 20, 169, 'CESA EN EL AÑO 2020', 'VERONICA LAURA JUAREZ');
INSERT INTO `docente` VALUES (373, '4898834', 'VALENTIN', 'GUEVARA', 'MACHACA', NULL, NULL, NULL, NULL, NULL, 2, 1, 3, 11, 76, 'NO PRESENTÓ FORMATOS PARA ACTUALIZACIÓN.', 'ALAN FERNANDEZ');
INSERT INTO `docente` VALUES (374, '1206432', 'ESMERALDA ANA', 'GUILLEN', 'VALDEZ', NULL, NULL, NULL, NULL, NULL, 2, 1, 3, 11, 76, 'NO PRESENTÓ FORMATOS PARA ACTUALIZACIÓN.', 'ALAN FERNANDEZ');
INSERT INTO `docente` VALUES (375, '2411008', 'RUBEN ALCIDES', 'QUELLO', 'HUANCA', NULL, NULL, NULL, 951967100, 'RQUELLO6@GMAIL.COM', 2, 1, 3, 20, 75, NULL, 'VERONICA LAURA JUAREZ');
INSERT INTO `docente` VALUES (376, '1249193', 'JUAN FRANCISCO', 'GALINDO', 'MENDOZA', NULL, NULL, NULL, NULL, NULL, 2, 1, 3, 11, 76, 'NO PRESENTÓ FORMATOS PARA ACTUALIZACIÓN .', 'ALAN FERNANDEZ');
INSERT INTO `docente` VALUES (377, '2372129', 'NORA MELINA', 'ZELA', 'SALAS', NULL, NULL, NULL, 951515579, 'ZELAM31@GMAIL.COM', 1, 1, 3, 20, 75, NULL, 'VERONICA LAURA JUAREZ');
INSERT INTO `docente` VALUES (378, '3412482', 'JUAN', 'CUTIPA', 'FLORES', '31/12/2021', '002405-2021-DREP', 'POR LIMITE DE EDAD', 988410415, 'JUANCUTIPA27@HOTMAIL.COM', 2, 2, 3, 11, 132, NULL, 'VERONICA LAURA JUAREZ');
INSERT INTO `docente` VALUES (379, '1320796', 'MARIBEL', 'SOTO', 'TURPO', NULL, NULL, NULL, NULL, NULL, 2, 1, 3, 20, 75, 'FALTAN LOS 4 FORMATOS', 'VERONICA LAURA JUAREZ');
INSERT INTO `docente` VALUES (380, '2438196', 'ROSA JUANA', 'QUISPE', 'LAURA', NULL, NULL, NULL, 947013030, 'ROSATEKNO@GMAIL.COM', 2, 1, 3, 20, 75, NULL, 'VERONICA LAURA JUAREZ');
INSERT INTO `docente` VALUES (381, '1317559', 'HENRY', 'VELAZCO', 'VELAZCO', NULL, NULL, NULL, 951770633, 'HELUVE@HOTMAIL.COM', 1, 1, 2, 21, 77, NULL, 'VERONICA LAURA JUAREZ');
INSERT INTO `docente` VALUES (382, '1869403', 'WILMER VIRGILIO', 'MAMANI', 'HUARACHA', NULL, NULL, NULL, 938510122, 'PROFE_WILMER@HOTMAIL.COM', 1, 1, 2, 21, 77, NULL, 'VERONICA LAURA JUAREZ');
INSERT INTO `docente` VALUES (383, '1224231', 'REMIGIO FEDERICO', 'LLANOS', 'ZAPANA', NULL, NULL, NULL, 957732031, 'RELLAZ2018@GMAIL.COM', 1, 1, 2, 21, 77, NULL, 'VERONICA LAURA JUAREZ');
INSERT INTO `docente` VALUES (384, '1222199', 'ROSA MARLENY', 'GUERRA', 'QUILCA', NULL, NULL, NULL, 921776550, 'ROSI_3062@HOTMAIL.COM', 1, 1, 2, 21, 77, NULL, 'VERONICA LAURA JUAREZ');
INSERT INTO `docente` VALUES (385, '1216979', 'MARTIN', 'MAMANI', 'ARTIAGA', NULL, NULL, NULL, NULL, NULL, 1, 1, 2, 21, 77, 'FALTAN LOS 4 FORMATOS', 'VERONICA LAURA JUAREZ');
INSERT INTO `docente` VALUES (386, '1308159', 'JUDITH EDY', 'MIRANDA', 'SALAS', NULL, NULL, NULL, 954040003, 'YEMS51@HOTMAIL.COM', 2, 1, 3, 11, 78, NULL, 'ALAN FERNANDEZ');
INSERT INTO `docente` VALUES (387, '1206439', 'FLORENCIO VICENTE', 'ANGLES', 'HUISA', '31/10/2022', '002586-2022-DREP', 'POR LIMITE DE EDAD', 974253309, 'VICEANGLE_U@HOTMAIL.COM', 1, 2, 2, 21, 131, 'CESO EN MANUEL NUÑEZ BUTRON-JULIACA', 'VERONICA LAURA JUAREZ');
INSERT INTO `docente` VALUES (388, '1232440', 'HILDA', 'HUANCA', 'MACHACA DE MACHACA', '30/04/2022', '00897-2022-DREP .', 'CESE A SOLICITUD', 951587991, 'HILDAHM2006@HOTMAIL.COM', 2, 2, 3, 11, 132, NULL, 'VERONICA LAURA JUAREZ');
INSERT INTO `docente` VALUES (389, '1213143', 'GLADYS', 'INFANTES', 'PEREZ', NULL, NULL, NULL, 958889904, 'KAJACNIC@HOTMAIL.COM', 2, 1, 3, 11, 78, NULL, 'ALAN FERNANDEZ');
INSERT INTO `docente` VALUES (390, '2409729', 'FRANCISCA', 'MAMANI', 'MONZON', NULL, NULL, NULL, 933070066, 'MAMANIFRANCISCA21@GMAIL.COM', 2, 1, 3, 11, 76, NULL, 'VERONICA LAURA JUAREZ');
INSERT INTO `docente` VALUES (391, '1234883', 'FLAVIO METODIO', 'LUJANO', 'CHAMBILLA', NULL, NULL, NULL, NULL, NULL, 2, 1, 3, 11, 78, 'NO PRESENTO FORMATOS, PARA ACTUALIZACIÓN.', 'ALAN FERNANDEZ');
INSERT INTO `docente` VALUES (392, '1683501', 'POMPEYO', 'TRISTAN', 'COLQUE', NULL, NULL, NULL, NULL, NULL, 1, 1, 2, 12, 31, 'FALTAN LOS 4 FORMATOS, reasignado de ilave a jae - puno', 'VERONICA LAURA JUAREZ');
INSERT INTO `docente` VALUES (393, '1284848', 'IMELDA LETICIA', 'RAMOS', 'CUBA', NULL, NULL, NULL, 951824681, 'LETTYRC16@HOTMAIL.COM', 2, 1, 3, 11, 78, NULL, 'VERONICA LAURA JUAREZ');
INSERT INTO `docente` VALUES (394, '9458579', 'JOSE MARIA', 'PILCO', 'BOLIVAR', NULL, NULL, NULL, 997218018, 'JOSEMARIAPBOLIVAR@GMAIL.COM', 1, 1, 2, 21, 81, NULL, 'VERONICA LAURA JUAREZ');
INSERT INTO `docente` VALUES (395, '1230501', 'GALA MARITZA', 'PEÑARANDA', 'AGUILAR', NULL, NULL, NULL, NULL, NULL, 1, 1, 2, 21, 81, 'FALTAN LOS 4 FORMATOS', 'VERONICA LAURA JUAREZ');
INSERT INTO `docente` VALUES (396, '1214246', 'VALERIANO', 'PINEDA', 'QUISPE', NULL, NULL, NULL, 951938412, NULL, 2, 1, 3, 11, 82, NULL, 'VERONICA LAURA JUAREZ');
INSERT INTO `docente` VALUES (397, '1214241', 'JUAN DE DIOS', 'PEREZ', 'VALDERRAMA', NULL, NULL, NULL, NULL, NULL, 2, 1, 3, 11, 82, 'NO PRESENTÓ FORMATOS, PARA ACTUALIZACIÓN.', 'VERONICA LAURA JUAREZ');
INSERT INTO `docente` VALUES (398, '1836202', 'ROSALIA', 'APAZA', 'CCALLI', NULL, NULL, NULL, 950895429, 'ROSALIAAPAZA024@GMAIL.COM', 2, 1, 3, 21, 81, NULL, 'VERONICA LAURA JUAREZ');
INSERT INTO `docente` VALUES (399, '1243972', 'RENAN', 'CHAMBI', 'APOMAYTA', '28/02/2022', '000451-2022-DREP', 'POR LIMITE DE EDAD', 953515874, NULL, 2, 2, 3, 21, 135, NULL, 'VERONICA LAURA JUAREZ');
INSERT INTO `docente` VALUES (400, '1291982', 'FORTUNATO', 'ASTETE', 'PILCO', NULL, NULL, NULL, 988078296, 'ASTETEPILCOFORTUNATO@GMAIL.COM', 2, 1, 3, 21, 81, NULL, 'VERONICA LAURA JUAREZ');
INSERT INTO `docente` VALUES (401, '1798993', 'ELEUTERIO', 'PEÑALOZA', 'PEÑALOZA', NULL, NULL, NULL, 941277158, 'ELEUTERIOPENALOZA@GMAIL.COM', 2, 1, 3, 21, 81, NULL, 'VERONICA LAURA JUAREZ');
INSERT INTO `docente` VALUES (402, '1244374', 'FELIX', 'MAMANI', 'ESCOQUE', '13/08/2020', '001735-2020-DREP', 'POR FALLECIMIENTO', NULL, NULL, 2, 2, 3, 21, 81, 'OMISO NO TIENE CARPETA', 'VERONICA LAURA JUAREZ');
INSERT INTO `docente` VALUES (403, '1201059', 'SINFORIANO JAIME', 'RAMOS', 'ORTEGA', NULL, NULL, NULL, NULL, NULL, 2, 1, 3, 11, 82, 'NO PRESENTO FORMATOS, PARA ACTUALIZACIÓN.', 'ALAN FERNANDEZ');
INSERT INTO `docente` VALUES (404, '45615515', 'JUAN', 'SOTOMAYOR', 'ABARCA', NULL, NULL, NULL, 989627160, 'JUANROYAMOTOS@HOTMAIL.COM', 2, 1, 3, 11, 82, NULL, 'ALAN FERNANDEZ');
INSERT INTO `docente` VALUES (405, '2361673', 'MOISES', 'CONDORI', 'IQUISE', NULL, NULL, NULL, 963782825, 'CONDORIMOISES520@GMAIL.COM', 1, 1, 2, 22, 83, NULL, 'VERONICA LAURA JUAREZ');
INSERT INTO `docente` VALUES (406, '2165491', 'VERONICA BEATRIZ', 'CALISAYA', 'CASTILLO', NULL, NULL, NULL, 951055251, 'VERONICABEATRIZCALISAYA@GMAIL.COM', 1, 1, 2, 22, 83, NULL, 'VERONICA LAURA JUAREZ');
INSERT INTO `docente` VALUES (407, '1287730', 'LIDUVINA ELVA', 'TAPIA', 'CHAVEZ', '30/04/2022', '000898-2022-DREP', 'POR LIMITE DE EDAD', 973174266, 'LIDUVINATAPIA@HOTMAIL.COM', 2, 2, 3, 11, 132, NULL, 'VERONICA LAURA JUAREZ');
INSERT INTO `docente` VALUES (408, '1541602', 'ELOY', 'CAHUANA', 'OCHOCHOQUE', NULL, NULL, NULL, 950922900, 'ECOCHOA965@GMAIL.COM', 1, 1, 2, 22, 83, NULL, 'VERONICA LAURA JUAREZ');
INSERT INTO `docente` VALUES (409, '1204384', 'ELBA MARIA', 'ROMERO', 'ORTIZ', NULL, NULL, NULL, 950000908, 'EMRO25@GMAIL.COM', 2, 1, 3, 11, 82, NULL, 'ALAN FERNANDEZ');
INSERT INTO `docente` VALUES (410, '2423947', 'EUSTAQUIO', 'LARICO', 'VERA', NULL, NULL, NULL, NULL, NULL, 1, 1, 2, 22, 83, 'FALTAN LOS 4 FORMATOS', 'VERONICA LAURA JUAREZ');
INSERT INTO `docente` VALUES (411, '1326522', 'CELESTINO MIGUEL', 'HIQUISE', 'TITO', NULL, NULL, NULL, 973559576, 'CELESTINOMIGUEL74@GMAIL.COM', 1, 1, 2, 22, 83, NULL, 'VERONICA LAURA JUAREZ');
INSERT INTO `docente` VALUES (412, '41055163', 'MARIANELA', 'QUISPE', 'LUJANO', NULL, NULL, NULL, 963115684, 'LUJANOMARIANELA@GMAIL.COM', 2, 1, 3, 11, 84, NULL, 'ALAN FERNANDEZ');
INSERT INTO `docente` VALUES (413, '1210056', 'GLORIA', 'COAQUIRA', 'DE CRUZ', NULL, NULL, NULL, 950400570, 'GLORIACOAQUIRA@GMAIL.COM', 1, 1, 2, 22, 83, NULL, 'VERONICA LAURA JUAREZ');
INSERT INTO `docente` VALUES (414, '41267402', 'INES', 'ESTOFANERO', 'CARI', NULL, NULL, NULL, 941194677, 'E_INECA@HOTMAIL.COM', 2, 1, 3, 11, 84, NULL, 'ALAN FERNANDEZ');
INSERT INTO `docente` VALUES (415, '2265267', 'VICTOR', 'VALERIANO', 'FLORES', NULL, NULL, NULL, 952228014, 'MUNAYLLA26@HOTMAIL.COM', 2, 1, 3, 11, 84, NULL, 'ALAN FERNANDEZ');
INSERT INTO `docente` VALUES (416, '1216679', 'ALEJANDRO', 'VELEZ', 'LLANOS', NULL, NULL, NULL, 969787921, NULL, 2, 1, 3, 11, 84, NULL, 'ALAN FERNANDEZ');
INSERT INTO `docente` VALUES (417, '2410780', 'MELECIO', 'QUISPE', 'QUISPE', '30/05/2021', '001542-2021-DREP', 'POR FALLECIMIENTO', 950052074, 'MELEQ2209@HOTMAIL.COM', 1, 2, 2, 22, 164, NULL, 'VERONICA LAURA JUAREZ');
INSERT INTO `docente` VALUES (418, '2046843', 'OLGUIN', 'MAMANI', 'CHAMBI', NULL, NULL, NULL, 989123152, 'OLGUINDOS2@GMAIL.COM', 1, 1, 2, 22, 83, NULL, 'VERONICA LAURA JUAREZ');
INSERT INTO `docente` VALUES (419, '1324048', 'ROSALINA', 'MAMANI', 'CALDERON', NULL, NULL, NULL, 950040611, 'ROSYMACA2020@GMAIL.COM', 1, 1, 2, 22, 83, NULL, 'VERONICA LAURA JUAREZ');
INSERT INTO `docente` VALUES (420, '1210092', 'JULIAN', 'MACHACA', 'MAMANI', '30/07/2020', '001360-2020-DREP', 'POR LIMITE DE EDAD', 985729535, NULL, 1, 2, 2, 22, 158, 'FALTAN LOS 4 FORMATOS', 'VERONICA LAURA JUAREZ');
INSERT INTO `docente` VALUES (421, '2389442', 'ELISEA ETERIA', 'QUISPE', 'YAPO', NULL, NULL, NULL, 946636604, 'ELI_Q_@HOTMAIL.COM', 1, 1, 2, 22, 86, NULL, 'VERONICA LAURA JUAREZ');
INSERT INTO `docente` VALUES (422, '1287392', 'JUANA', 'VELASQUEZ', 'CONDORI', NULL, NULL, NULL, 996020460, 'JUANA.VELASQUEZ.2012@GMAIL.COM', 1, 1, 2, 22, 86, NULL, 'VERONICA LAURA JUAREZ');
INSERT INTO `docente` VALUES (423, '2377750', 'WILFREDO', 'ZAPANA', 'VENEGAS', NULL, NULL, NULL, 951538036, 'WZVENEGAS@HOTMAIL.COM', 1, 1, 2, 22, 86, NULL, 'VERONICA LAURA JUAREZ');
INSERT INTO `docente` VALUES (424, '2046045', 'QUINTIN', 'SUCA', 'QUISPE', NULL, NULL, NULL, 951828254, 'QSQH311955@GMAIL.COM', 1, 1, 2, 22, 86, NULL, 'VERONICA LAURA JUAREZ');
INSERT INTO `docente` VALUES (425, '2035534', 'DAVID', 'TICONA', 'GONZA', NULL, NULL, NULL, 946705376, 'DAVIDGONZA1957@HOTMAIL.COM', 2, 1, 3, 22, 87, NULL, 'VERONICA LAURA JUAREZ');
INSERT INTO `docente` VALUES (426, '1984674', 'HERNAN', 'JUAREZ', 'HUANCA', NULL, NULL, NULL, 951865840, 'HJUAREZHUANCA@GMAIL.COM', 2, 1, 3, 22, 87, NULL, 'VERONICA LAURA JUAREZ');
INSERT INTO `docente` VALUES (427, '1990648', 'MOISES ADOLFO', 'VERA', 'RIVEROS', NULL, NULL, NULL, 995468037, 'MOIADOL2502@HOTMAIL.COM', 2, 1, 3, 22, 87, NULL, 'VERONICA LAURA JUAREZ');
INSERT INTO `docente` VALUES (428, '2059496', 'JOSEFA', 'PANIURA', 'QUISPE', NULL, NULL, NULL, 951991438, 'JPANIURAQUISPE@GMAIL.COM', 2, 1, 3, 22, 87, NULL, 'VERONICA LAURA JUAREZ');
INSERT INTO `docente` VALUES (429, '1980101', 'FRANCISCO', 'CARI', 'TURPO', NULL, NULL, NULL, 964810817, NULL, 2, 1, 3, 22, 87, 'FALTAN LOS 4 FORMATOS', 'VERONICA LAURA JUAREZ');
INSERT INTO `docente` VALUES (430, '1304956', 'CARMEN EDITH', 'LIENDO', 'MEMBRILLO', NULL, NULL, NULL, 991751795, 'CELM_15@HOTMAIL.COM', 2, 1, 3, 22, 87, NULL, 'VERONICA LAURA JUAREZ');
INSERT INTO `docente` VALUES (431, '1981047', 'MELECIO', 'MANTILLA', 'MAMANI', '01/03/2021', '000510-2021-DREP', 'POR LIMITE DE EDAD', 954056398, 'MMANTILLA1951@HOTMAIL.COM', 2, 2, 3, 22, 158, NULL, 'VERONICA LAURA JUAREZ');
INSERT INTO `docente` VALUES (432, '29695077', 'EDWIN SAMUEL', 'MUCHICA', 'HUAMANTUMA', NULL, NULL, NULL, 951713940, 'EDWINSAMUELMH@GMAIL.COM', 2, 1, 3, 23, 88, NULL, 'VERONICA LAURA JUAREZ');
INSERT INTO `docente` VALUES (433, '1280857', 'RICARDO THEODULO', 'BELTRAN', 'MONZON', NULL, NULL, NULL, 951155610, 'RITHEO04@GMAIL.COM', 1, 1, 2, 23, 88, NULL, 'VERONICA LAURA JUAREZ');
INSERT INTO `docente` VALUES (434, '1285457', 'RUBEN', 'APAZA', 'APAZA', NULL, NULL, NULL, 951014976, 'RUBENAPAZAAPAZA92@GMAIL.COM', 1, 1, 2, 23, 88, NULL, 'VERONICA LAURA JUAREZ');
INSERT INTO `docente` VALUES (435, '1485155', 'ANTONIO', 'CCARI', 'ARRISALES', '31/05/2022', '001276-2022-DREP', 'POR LIMITE DE EDAD', NULL, NULL, 2, 2, 3, 23, 133, 'FALTAN LOS 4 FORMATOS', 'VERONICA LAURA JUAREZ');
INSERT INTO `docente` VALUES (436, '1338671', 'GABRIEL', 'BAZAN', 'CONDORENA', NULL, NULL, NULL, NULL, NULL, 1, 1, 2, 24, 89, NULL, 'VERONICA LAURA JUAREZ');
INSERT INTO `docente` VALUES (437, '1854283', 'ANTONIO', 'CHINO', 'ALAVE', NULL, NULL, NULL, NULL, NULL, 2, 1, 3, 24, 89, 'FALTAN LOS 4 FORMATOS', 'VERONICA LAURA JUAREZ');
INSERT INTO `docente` VALUES (438, '419629', 'JOSE SERGIO', 'TORO', 'BUSTINZA', '15/05/2021', '001560-2021-DREP', 'POR FALLECIMIENTO', 950826992, 'JOS.DEL.TORO1955@GMAIL.COM', 2, 2, 3, 24, 167, 'CESA EN EL AÑO 2021', 'VERONICA LAURA JUAREZ');
INSERT INTO `docente` VALUES (439, '1304550', 'ANIBAL', 'LEYVA', 'PEÑALOZA', NULL, NULL, NULL, NULL, NULL, 1, 1, 2, 1, 93, 'FALTAN LOS 4 FORMATOS,  REASIGNADO de yunguyo A ACORA', 'VERONICA LAURA JUAREZ');
INSERT INTO `docente` VALUES (440, '1815351', 'GREGORIO LUIS', 'ARENAS', 'PEÑA', '31/01/2021', 'Número resolución 000103-2021-DREP', 'POR LIMITE DE EDAD', 999997704, 'LUISARENAS-54@HOTMAIL.COM', 1, 2, 2, 24, 131, NULL, 'VERONICA LAURA JUAREZ');
INSERT INTO `docente` VALUES (441, '1841203', 'FELIX', 'POMA', 'LARICO', NULL, NULL, NULL, NULL, NULL, 2, 1, 3, 24, 89, 'FALTAN LOS 4 FORMATOS', 'VERONICA LAURA JUAREZ');
INSERT INTO `docente` VALUES (442, '1204476', 'ARMANDO', 'MAMANI', 'MACHACA', NULL, NULL, NULL, 951888813, 'ARMAMACH@HOTMAIL.COM', 1, 1, 2, 25, 90, NULL, 'VERONICA LAURA JUAREZ');
INSERT INTO `docente` VALUES (443, '2299566', 'SILVESTRE ANIBAL', 'CORNEJO', 'GALLEGOS', NULL, NULL, NULL, 950812514, 'ANIBALCGS@HOTMAIL.COM', 1, 1, 2, 25, 90, NULL, 'VERONICA LAURA JUAREZ');
INSERT INTO `docente` VALUES (444, '1338622', 'SIMON DAMIAN', 'ORTEGA', 'ALATA', NULL, NULL, NULL, 983898331, 'SIMONORTEGA013@GMAIL.COM', 1, 1, 2, 25, 90, NULL, 'VERONICA LAURA JUAREZ');
INSERT INTO `docente` VALUES (445, '40436869', 'JUANA MARIA', 'TICONA', 'SANCHEZ', NULL, NULL, NULL, 950869641, 'HUANNYMILENA@GMAIL.COM', 2, 1, 3, 25, 90, NULL, 'VERONICA LAURA JUAREZ');
INSERT INTO `docente` VALUES (446, '23800122', 'YVAN YOVANNY', 'MIRANDA', 'ORDOÑEZ', NULL, NULL, NULL, 945246633, 'YOVACC.4142@GMAIL.COM', 1, 1, 2, 28, 99, 'REASIGNADO DE SANTA ROSA A MAÑAZO', 'VERONICA LAURA JUAREZ');
INSERT INTO `docente` VALUES (447, '43005659', 'FRANKLIN ORLANDO', 'LOPEZ', 'QUISPE', NULL, NULL, NULL, 974231621, 'FRANK.LOPEZ.Q@GMAIL.COM', 2, 1, 3, 25, 90, NULL, 'VERONICA LAURA JUAREZ');
INSERT INTO `docente` VALUES (448, '1989555', 'MARIA SALOME', 'MENDOZA', 'LUQUE', NULL, NULL, NULL, 962884010, 'MENDOZALUQUEMARIASALOME@GMAIL.COM', 1, 1, 2, 26, 91, NULL, 'VERONICA LAURA JUAREZ');
INSERT INTO `docente` VALUES (449, '1235668', 'ISIDRO ALBERTO', 'FLORES', 'MANCHEGO', NULL, NULL, NULL, 950753237, 'BETOBENFM@GMAIL.COM', 1, 1, 2, 26, 91, NULL, 'VERONICA LAURA JUAREZ');
INSERT INTO `docente` VALUES (450, '2529537', 'GREGORIO', 'DEZA', 'CARI', NULL, NULL, NULL, 968342807, NULL, 2, 1, 3, 26, 91, NULL, 'VERONICA LAURA JUAREZ');
INSERT INTO `docente` VALUES (451, '2423396', 'ROBERTH CIRILO', 'MEDINA', 'MEDINA', NULL, NULL, NULL, 952211406, 'ROBERTO100PRE-@HOTMAIL.COM', 1, 1, 2, 26, 91, NULL, 'VERONICA LAURA JUAREZ');
INSERT INTO `docente` VALUES (452, '2536646', 'JULIAN', 'LAYME', 'CONDORI', NULL, NULL, NULL, NULL, NULL, 1, 1, 3, 26, 91, 'FALTAN LOS 4 FORMATOS', 'VERONICA LAURA JUAREZ');
INSERT INTO `docente` VALUES (453, '2167188', 'NATIVIDAD', 'QUISPE', 'QUISPE', NULL, NULL, NULL, 924107816, 'KEISIABI12@GMAIL.COM', 2, 1, 3, 7, 92, NULL, 'VERONICA LAURA JUAREZ');
INSERT INTO `docente` VALUES (454, '2427495', 'VICTOR MANUEL', 'LIMA', 'CONDORI', NULL, NULL, NULL, NULL, NULL, 1, 1, 2, 7, 92, 'FALTAN LOS 4 FORMATOS', 'VERONICA LAURA JUAREZ');
INSERT INTO `docente` VALUES (455, '1235416', 'ROSA MARIA', 'QUISPE', 'ALEJO', NULL, NULL, NULL, 951949861, 'QUISPEALEJOR@GMAIL.COM', 1, 1, 2, 7, 92, NULL, 'VERONICA LAURA JUAREZ');
INSERT INTO `docente` VALUES (456, '1285076', 'ROSA CONCEPCION', 'GALLEGOS', 'FRISANCHO', NULL, NULL, NULL, 993671497, 'ROSA.GALLEGOS.2012@GMAIL.COM', 1, 1, 2, 7, 92, NULL, 'VERONICA LAURA JUAREZ');
INSERT INTO `docente` VALUES (457, '1286606', 'WILFREDA SEGUNDINA', 'LARICO', 'MAMANI', NULL, NULL, NULL, 941932524, 'WILAMA63@HOTMAIL.COM', 1, 1, 2, 7, 92, NULL, 'VERONICA LAURA JUAREZ');
INSERT INTO `docente` VALUES (458, '2040758', 'HERNAN', 'VARGAS', 'AQUISE', NULL, NULL, NULL, 951026092, 'HERNAN_VAL1@HOTMAIL.COM', 1, 1, 2, 7, 92, NULL, 'VERONICA LAURA JUAREZ');
INSERT INTO `docente` VALUES (459, '1288809', 'VIRGINIA', 'TICONA', 'CARBAJAL', NULL, NULL, NULL, NULL, NULL, 1, 1, 2, 7, 92, NULL, 'VERONICA LAURA JUAREZ');
INSERT INTO `docente` VALUES (460, '2040000', 'SILVIA', 'JUSTO', 'YUCRA', NULL, NULL, NULL, 930330130, 'SILVIAJUSTO23@GMAIL.COM', 2, 1, 3, 7, 92, NULL, 'VERONICA LAURA JUAREZ');
INSERT INTO `docente` VALUES (461, '29318317', 'MARIA MAGDALENA', 'SILVA', 'CORDOVA', NULL, NULL, NULL, 923041329, 'MAQUISEC27@HOTMAIL.COM', 2, 1, 3, 7, 92, NULL, 'VERONICA LAURA JUAREZ');
INSERT INTO `docente` VALUES (462, '1217167', 'HUMFREDO', 'CHAMBI', 'QUISPE', '30/04/2022', '001006-2022-DREP', 'POR LIMITE DE EDAD', 958525492, 'INGENIEROCHAMBI@GMAIL.COM', 1, 2, 2, 7, 135, NULL, 'VERONICA LAURA JUAREZ');
INSERT INTO `docente` VALUES (463, '1206809', 'JESUS MARCIA', 'CHIPANA', 'CCALLA', NULL, NULL, NULL, 951327089, 'MARCIACHAC@GMAIL.COM', 1, 1, 2, 1, 93, NULL, 'VERONICA LAURA JUAREZ');
INSERT INTO `docente` VALUES (464, '1286396', 'MOANA MARILENA', 'GUEVARA', 'SALAS', NULL, NULL, NULL, 910413628, 'MOANA_GUE@HOTMAIL.COM', 1, 1, 2, 1, 93, NULL, 'VERONICA LAURA JUAREZ');
INSERT INTO `docente` VALUES (465, '1221490', 'ESTEBAN', 'LEON', 'APAZA', '31/01/2022', '000449-2022-DREP', 'POR LIMITE DE EDAD', 951083279, 'ELEONAPAZA@YAHOO.ES', 1, 2, 2, 1, 157, 'CESA EN EL AÑO 2022', 'VERONICA LAURA JUAREZ');
INSERT INTO `docente` VALUES (466, '1220754', 'FELIX MAXIMO', 'QUISPE', 'SUEÑA', NULL, NULL, NULL, 951645751, 'MAXIMOQ@GMAIL.COM', 1, 1, 2, 1, 94, NULL, 'VERONICA LAURA JUAREZ');
INSERT INTO `docente` VALUES (467, '44065682', 'ROYER ANGEL', 'GUEVARA', 'GUEVARA', NULL, NULL, NULL, 955654464, 'RAGUEVARAG@GMAIL.COM', 2, 1, 3, 1, 94, NULL, 'VERONICA LAURA JUAREZ');
INSERT INTO `docente` VALUES (468, '2409362', 'ANDRES', 'QUISPE', 'SUCA', '30/11/2022', '002979-2022-DREP', 'POR LIMITE DE EDAD', NULL, NULL, 1, 2, 2, 1, 163, 'FALTAN LOS 4 FORMATOS-CESA EN EL AÑO 2022', 'VERONICA LAURA JUAREZ');
INSERT INTO `docente` VALUES (469, '2143498', 'JULIA', 'ARTEAGA', 'BAYONA', NULL, NULL, NULL, 951714083, 'ARTEAGABAYONAJULIA@GMAIL.COM', 2, 1, 3, 1, 94, NULL, 'VERONICA LAURA JUAREZ');
INSERT INTO `docente` VALUES (470, '1216042', 'JOSE JUSTINO', 'QUISPE', 'CAYO', NULL, NULL, NULL, 944010274, 'JOSSPEPE@HOTMAIL.COM', 1, 1, 2, 1, 94, NULL, 'VERONICA LAURA JUAREZ');
INSERT INTO `docente` VALUES (471, '1201094', 'ROSENDO', 'HUARCAYA', 'CCAMASACARI', NULL, NULL, NULL, 957555580, 'ROSENDOHUARCAYACCAMASACARI@GMAIL.COM', 2, 1, 3, 1, 94, NULL, 'VERONICA LAURA JUAREZ');
INSERT INTO `docente` VALUES (472, '1284476', 'SAUL ANIBAL', 'TAGLE', 'CONDORI', NULL, NULL, NULL, 989478026, 'SATAGLE@HOTMAIL.COM', 1, 1, 2, 1, 94, NULL, 'VERONICA LAURA JUAREZ');
INSERT INTO `docente` VALUES (473, '1291403', 'EULOGIO', 'CCAMA', 'CCAMA', NULL, NULL, NULL, 955722045, NULL, 2, 1, 3, 1, 94, NULL, 'VERONICA LAURA JUAREZ');
INSERT INTO `docente` VALUES (474, '1204185', 'MARIO LUCIO', 'HUAYTA', 'MOLINA', NULL, NULL, NULL, 951889243, 'MLHM2008_56@HOTMAIL.COM', 1, 1, 2, 27, 95, NULL, 'VERONICA LAURA JUAREZ');
INSERT INTO `docente` VALUES (475, '1763977', 'JOSE ALFREDO', 'ARTETA', 'CASTILLO', NULL, NULL, NULL, 969647555, 'JOSEARTETA2210@GMAIL.COM', 1, 1, 2, 27, 95, NULL, 'VERONICA LAURA JUAREZ');
INSERT INTO `docente` VALUES (476, '1208481', 'JORGE FELIX', 'JIMENEZ', 'CARCAUSTO', NULL, NULL, NULL, 951529818, 'BEJORGEJIMENEZ@GMAIL.COM', 1, 1, 2, 27, 95, NULL, 'VERONICA LAURA JUAREZ');
INSERT INTO `docente` VALUES (477, '1289020', 'FANNY MERCEDES', 'GALINDO', 'SILVA', NULL, NULL, NULL, 989321109, 'FANNYMGS25@GMAIL.COM', 1, 1, 2, 27, 95, NULL, 'VERONICA LAURA JUAREZ');
INSERT INTO `docente` VALUES (478, '1232576', 'MELITON', 'HUACASI', 'GONZALES', NULL, NULL, NULL, 983771739, 'HGMELINTON@GMAIL.COM', 1, 1, 2, 27, 95, NULL, 'VERONICA LAURA JUAREZ');
INSERT INTO `docente` VALUES (479, '1766335', 'FLAVIO ERNESTO', 'INOFUENTE', 'RAMIREZ', NULL, NULL, NULL, 951528359, 'FLAVIOINOFUE@GMAIL.COM', 1, 1, 2, 27, 95, NULL, 'VERONICA LAURA JUAREZ');
INSERT INTO `docente` VALUES (480, '1208136', 'HUGO', 'QUINTO', 'CHUQUIMAMANI', NULL, NULL, NULL, 963964569, 'HUGONQUIN3461@GMAIL.COM', 1, 1, 2, 27, 96, NULL, 'VERONICA LAURA JUAREZ');
INSERT INTO `docente` VALUES (481, '1205397', 'NAZARIO NEPTALY', 'LAURA', 'CHIPANA', NULL, NULL, NULL, 963520366, 'NLAURACH@HOTMAIL.COM', 1, 1, 2, 27, 95, NULL, 'VERONICA LAURA JUAREZ');
INSERT INTO `docente` VALUES (482, '1332103', 'DEMETRIO', 'PALACIOS', 'CHIQUI', NULL, NULL, NULL, 971973557, 'DEMETRIOPCH@GMAIL.COM', 1, 1, 2, 27, 96, 'OJO ES FALLECIDO', 'VERONICA LAURA JUAREZ');
INSERT INTO `docente` VALUES (483, '1306219', 'FRANCISCA AYDEE', 'LOPEZ', 'HERMOSILLA', NULL, NULL, NULL, 950886475, 'AYDEE291@HOTMAIL.COM', 1, 1, 2, 27, 95, NULL, 'VERONICA LAURA JUAREZ');
INSERT INTO `docente` VALUES (484, '1288341', 'ROSARIO GLADIS', 'PONCE', 'YUPANQUI', NULL, NULL, NULL, 951726718, 'PONCEROSARIOGLADIS@GMAIL.COM', 1, 1, 2, 27, 96, NULL, 'VERONICA LAURA JUAREZ');
INSERT INTO `docente` VALUES (485, '1264214', 'BENEDICTO RICARDO', 'MAMANI', 'PORTILLO', NULL, NULL, NULL, 950014243, 'ECORICARMPAZ2020@GMAIL.COM', 1, 1, 2, 27, 96, NULL, 'VERONICA LAURA JUAREZ');
INSERT INTO `docente` VALUES (486, '1868310', 'EUSEBIO ERNESTO', 'MORALES', 'APAZA', NULL, NULL, NULL, 950726581, 'ERNESTOMORALESAPAZA64@GMAIL.COM', 1, 1, 2, 27, 96, NULL, 'VERONICA LAURA JUAREZ');
INSERT INTO `docente` VALUES (487, '1341101', 'HUGO', 'MAYTA', 'PEREZ', NULL, NULL, NULL, 998775500, 'HUMAYPER@GMAIL.COM', 1, 1, 2, 27, 96, NULL, 'VERONICA LAURA JUAREZ');
INSERT INTO `docente` VALUES (488, '2382707', 'GLADYS MARLENY', 'RAMOS', 'DUEÑAS', NULL, NULL, NULL, NULL, NULL, 1, 1, 2, 27, 97, 'FALTAN LOS 4 FORMATOS', 'VERONICA LAURA JUAREZ');
INSERT INTO `docente` VALUES (489, '1227514', 'ELOY', 'VENEGAS', 'LOZA', NULL, NULL, NULL, 951629848, 'ELOYVENEGASLOZA@GMAIL.COM', 1, 1, 2, 27, 97, NULL, 'VERONICA LAURA JUAREZ');
INSERT INTO `docente` VALUES (490, '1231018', 'AMANDA MERCEDES', 'RODRIGUEZ', 'PUERTAS', NULL, NULL, NULL, 960654354, 'AMADARODRI@HOTMAIL.COM', 1, 1, 2, 27, 97, NULL, 'VERONICA LAURA JUAREZ');
INSERT INTO `docente` VALUES (491, '1223178', 'MILVAR', 'VELASQUEZ', 'YUPANQUI', NULL, NULL, NULL, 999556656, 'ANDARIEGOSDELPERU@GMAIL.COM', 1, 1, 2, 27, 97, 'ES FALLECIDO', 'VERONICA LAURA JUAREZ');
INSERT INTO `docente` VALUES (492, '1223804', 'VICTORIA MARITZA', 'ARCE', 'BARDALES', NULL, NULL, NULL, 993468090, 'VICTORIA2014-@HOTMAIL.COM', 2, 1, 3, 27, 98, NULL, 'VERONICA LAURA JUAREZ');
INSERT INTO `docente` VALUES (493, '1229964', 'FRANCISCA', 'MONROY', 'FRANCO', NULL, NULL, NULL, 971638727, 'FRANCISCAMONROY05@GMAIL.COM', 2, 1, 3, 27, 98, NULL, 'VERONICA LAURA JUAREZ');
INSERT INTO `docente` VALUES (494, '40768324', 'DAVID DUVERLIN', 'AROCUTIPA', 'CUSACANI', NULL, NULL, NULL, 950923481, 'DAVIDDUVERLINAROCUTIPACUSACANI@GMAIL.COM', 2, 1, 3, 27, 98, NULL, 'VERONICA LAURA JUAREZ');
INSERT INTO `docente` VALUES (495, '1760910', 'ELIAS', 'ALAVE', 'QUENTA', NULL, NULL, NULL, 995460381, 'ELIASALAVEQUENTA@GMAIL.COM', 2, 1, 3, 27, 98, NULL, 'VERONICA LAURA JUAREZ');
INSERT INTO `docente` VALUES (496, '1683955', 'FELIX VENANCIO', 'PALOMINO', 'SANIZO', NULL, NULL, NULL, 950034631, 'FEVEPASA@GMAIL.COM', 2, 1, 3, 27, 98, NULL, 'VERONICA LAURA JUAREZ');
INSERT INTO `docente` VALUES (497, '42227591', 'JORGE LUIS', 'VELAZCO', 'VELAZCO', NULL, NULL, NULL, 928239162, 'JORGE_VELAZCO@HOTMAIL.COM', 2, 1, 3, 27, 98, NULL, 'VERONICA LAURA JUAREZ');
INSERT INTO `docente` VALUES (498, '1766771', 'ERASMO', 'LLANOS', 'CHAMBILLA', NULL, NULL, NULL, 952676951, NULL, 2, 1, 3, 27, 98, NULL, 'VERONICA LAURA JUAREZ');
INSERT INTO `docente` VALUES (499, '1834984', 'ROLANDO', 'TARQUI', 'ESTAÑA', NULL, NULL, NULL, 971208864, 'ROLANDOTARQUITECNO@GMAIIL.COM', 2, 1, 3, 27, 98, NULL, 'VERONICA LAURA JUAREZ');
INSERT INTO `docente` VALUES (500, '1868245', 'MATEO', 'FLOREZ', 'CONDORI', NULL, NULL, NULL, 915299720, 'MATEOFLOREZJULI@GMAIL.COM', 2, 1, 3, 27, 98, NULL, 'VERONICA LAURA JUAREZ');
INSERT INTO `docente` VALUES (501, '1282477', 'SALVADOR', 'TAHUAYA', 'MAMANI', NULL, NULL, NULL, 928265627, 'SALVADORTAHUAYA@GMAIL.COM', 1, 1, 2, 28, 99, NULL, 'VERONICA LAURA JUAREZ');
INSERT INTO `docente` VALUES (502, '25640251', 'RUBEN NICANDRO', 'AZA', 'TACCA', NULL, NULL, NULL, NULL, NULL, 1, 1, 2, 28, 99, 'FALTA LOS 4 FORMATOS', 'VERONICA LAURA JUAREZ');
INSERT INTO `docente` VALUES (503, '1263594', 'ELMER', 'HUALLPA', 'MANZANO', NULL, NULL, NULL, NULL, NULL, 1, 1, 2, 28, 99, 'FALTAN LOS 4 FORMATOS', 'VERONICA LAURA JUAREZ');
INSERT INTO `docente` VALUES (504, '1264166', 'EDUARDO', 'CARRION', 'CUSIHUAMAN', '31/01/2022', '000413-2022-DREP', 'POR LIMITE DE EDAD', 951728907, NULL, 1, 2, 2, 28, 133, 'FALTAN LOS 4 FORMATOS', 'VERONICA LAURA JUAREZ');
INSERT INTO `docente` VALUES (505, '1312775', 'NESTOR', 'ZURITA', 'ANAHUA', NULL, NULL, NULL, NULL, NULL, 2, 1, 3, 28, 99, 'OMISO NO TIENE CARPETA', 'VERONICA LAURA JUAREZ');
INSERT INTO `docente` VALUES (506, '1680181', 'LORGIO VITALIANO', 'QUISPE', 'ARAGON', NULL, NULL, NULL, 951973164, 'LOQUISAR27@GMAIL.COM', 1, 1, 2, 29, 100, NULL, 'VERONICA LAURA JUAREZ');
INSERT INTO `docente` VALUES (507, '1681816', 'MAGDA LIBERTAD', 'CHACON', 'VILCA DE ESCRIBA', NULL, NULL, NULL, NULL, NULL, 2, 1, 3, 29, 100, 'FALTAN LOS 4 FORMATOS', 'VERONICA LAURA JUAREZ');
INSERT INTO `docente` VALUES (508, '1699327', 'MARCOS MARIO', 'MENDOZA', 'PACCO', NULL, NULL, NULL, NULL, NULL, 2, 1, 3, 29, 100, 'FALTAN LOS 4 FORMATOS', 'VERONICA LAURA JUAREZ');
INSERT INTO `docente` VALUES (509, '2401557', 'HUGO JACINTO', 'HERRERA', 'CONDORI', NULL, NULL, NULL, 958228211, 'HERCON1167@GMAIL.COM', 2, 1, 3, 30, 101, NULL, 'VERONICA LAURA JUAREZ');
INSERT INTO `docente` VALUES (510, '2557607', 'FLAVIO', 'MANRIQUE', 'FLORES', NULL, NULL, NULL, 951865778, 'MANRIQUEFF@HOTMAIL.COM', 1, 1, 2, 30, 101, NULL, 'VERONICA LAURA JUAREZ');
INSERT INTO `docente` VALUES (511, '43648682', 'VANESSA LEONOR', 'CCASA', 'CARITA', NULL, NULL, NULL, 951624076, 'CIELOAZUL.360@GMAIL.COM', 2, 1, 3, 30, 101, NULL, 'VERONICA LAURA JUAREZ');
INSERT INTO `docente` VALUES (512, '2415739', 'DIANET CELIA', 'CUTIPA', 'HILARI', NULL, NULL, NULL, 950045626, 'JHANETCH21@GMAIL.COM', 2, 1, 2, 30, 101, 'ESTA EN SANTA LUCIA', 'VERONICA LAURA JUAREZ');
INSERT INTO `docente` VALUES (513, '1248994', 'JESUS NESTOR', 'CALLOHUANCA', 'AVALOS', NULL, NULL, NULL, 962527777, 'JESUSNCA55@HOTMAIL.COM', 1, 1, 2, 30, 101, 'ESTA EN SANTA LUCIA', 'VERONICA LAURA JUAREZ');
INSERT INTO `docente` VALUES (514, '1332261', 'EDILBURGO', 'AGUILAR', 'CASTILLO', NULL, NULL, NULL, 951285195, 'EDILBURGO_1@HOTMAIL.COM', 1, 1, 2, 30, 101, 'ESTA EN SANTA LUCIA', 'VERONICA LAURA JUAREZ');
INSERT INTO `docente` VALUES (515, '1206578', 'ANSELMO', 'QUISPE', 'CONDORI', NULL, NULL, NULL, 952043707, 'ANSELMOQUISPE1@GMAIL.COM', 2, 1, 3, 30, 101, NULL, 'VERONICA LAURA JUAREZ');
INSERT INTO `docente` VALUES (516, '1285466', 'HUGO DOMINGO', 'FLORES', 'CHARCA', NULL, NULL, NULL, 938101030, 'HFFCCC@HOTMAIL.COM', 1, 1, 2, 8, 102, NULL, 'VERONICA LAURA JUAREZ');
INSERT INTO `docente` VALUES (517, '1866697', 'WILLY', 'FLORES', 'QUISPE', NULL, NULL, NULL, NULL, NULL, 2, 1, 3, 8, 102, 'FALTAN LOS 4 FORMATOS', 'VERONICA LAURA JUAREZ');
INSERT INTO `docente` VALUES (518, '1868157', 'DANIEL GUIDO', 'FLORES', 'CHURA', NULL, NULL, NULL, NULL, NULL, 2, 1, 3, 8, 102, 'FALTAN LOS 4 FORMATOS', 'VERONICA LAURA JUAREZ');
INSERT INTO `docente` VALUES (519, '1287576', 'ROGELIO', 'VILCANQUI', 'CAPAQUIRA', NULL, NULL, NULL, NULL, NULL, 1, 1, 2, 8, 102, 'FALTAN LOS 4 FORMATOS', 'VERONICA LAURA JUAREZ');
INSERT INTO `docente` VALUES (520, '1309157', 'LUIS GERMAN', 'LLANQUE', 'MAMANI', NULL, NULL, NULL, 958949004, 'GEMAIST-D@HOTMAIL.COM', 1, 1, 2, 32, 102, NULL, 'VERONICA LAURA JUAREZ');
INSERT INTO `docente` VALUES (521, '1229550', 'ASUNTO', 'PERALTA', 'MAMANI', NULL, NULL, NULL, NULL, NULL, 1, 1, 2, 8, 102, 'FALTAN LOS 4 FORMATOS', 'VERONICA LAURA JUAREZ');
INSERT INTO `docente` VALUES (522, '1310055', 'ELEO SALEM', 'CUTIPA', 'MAMANI', NULL, NULL, NULL, 952600065, 'ELEOSALEM@HOTMAIL.COM', 1, 1, 2, 8, 102, NULL, 'VERONICA LAURA JUAREZ');
INSERT INTO `docente` VALUES (523, '1855521', 'MAGDALENA', 'CACERES', 'RAMOS', NULL, NULL, NULL, 944008577, 'MAGDA123BETY@GMAIL.COM', 1, 1, 2, 2, 103, NULL, 'VERONICA LAURA JUAREZ');
INSERT INTO `docente` VALUES (524, '1231622', 'GRACIELA', 'VELASQUEZ', 'TITALO', NULL, NULL, NULL, NULL, NULL, 1, 1, 2, 20, 72, 'F', 'VERONICA LAURA JUAREZ');
INSERT INTO `docente` VALUES (525, '2440798', 'ROMULO FLAVIO', 'MAMANI', 'QUISPE', NULL, NULL, NULL, 989477466, 'ROFMA9@HOTMAIL.COM', 1, 1, 2, 2, 103, NULL, 'VERONICA LAURA JUAREZ');
INSERT INTO `docente` VALUES (526, '2557707', 'ZARAGOSA ADELA', 'CARCASI', 'CCALLA', NULL, NULL, NULL, NULL, NULL, 2, 1, 3, 2, 103, 'FALTAN LOS 4 FORMATOS', 'VERONICA LAURA JUAREZ');
INSERT INTO `docente` VALUES (527, '1552217', 'EDSON ROBERTO', 'CANSAYA', 'INOFUENTE', NULL, NULL, NULL, 998878062, 'MAESTRIAEDSON@GMAIL.COM', 1, 1, 2, 33, 104, NULL, 'VERONICA LAURA JUAREZ');
INSERT INTO `docente` VALUES (528, '2383719', 'OFELIA', 'CHAMBI', 'LIPA', NULL, NULL, NULL, 951992842, 'OFELIACHAMBI@GMAIL.COM', 1, 1, 2, 33, 104, NULL, 'VERONICA LAURA JUAREZ');
INSERT INTO `docente` VALUES (529, '2292980', 'JUAN LATINUM', 'CASTILLA', 'GUERRA', '31/05/2022', '001277-2022-DREP', 'POR LIMITE DE EDAD', NULL, NULL, 1, 2, 2, 33, 133, 'FALTAN LOS 4 FORMATOS', 'VERONICA LAURA JUAREZ');
INSERT INTO `docente` VALUES (530, '1543828', 'JUDITH', 'ASILLO', 'RUELAS', NULL, NULL, NULL, 983920368, 'JUDITHASILLORUELAS@GMAIL.COM', 1, 1, 2, 33, 104, NULL, 'VERONICA LAURA JUAREZ');
INSERT INTO `docente` VALUES (531, '29254298', 'CLAUDIO ROLANDO', 'CHOQUE', 'JUSTO', NULL, NULL, NULL, NULL, NULL, 1, 1, 2, 33, 104, 'FALTAN LOS 4 FORMATOS', 'VERONICA LAURA JUAREZ');
INSERT INTO `docente` VALUES (532, '1284529', 'MARLENY MARTHA', 'ARIAS', 'CHAVEZ', NULL, NULL, NULL, 951982906, 'MARLEARIASCH@GMAIL.COM', 1, 1, 2, 33, 104, NULL, 'VERONICA LAURA JUAREZ');
INSERT INTO `docente` VALUES (533, '2430724', 'MARIO WALTER', 'LUQUE', 'ARAPA', NULL, NULL, NULL, 984060604, 'SOYMARIOLUQUE@GMAIL.COM', 1, 1, 2, 33, 104, NULL, 'VERONICA LAURA JUAREZ');
INSERT INTO `docente` VALUES (534, '1232091', 'MATILDE', 'REYES', 'COLCA', NULL, NULL, NULL, 950967851, 'MATILDE.REYES.COLCA@GMAIL.COM', 1, 1, 2, 33, 105, NULL, 'VERONICA LAURA JUAREZ');
INSERT INTO `docente` VALUES (535, '2433545', 'DEMETRIO FLAVIO', 'MACHACA', 'HUANCOLLO', NULL, NULL, NULL, 951476258, 'FMACHACAH@GMAIL.COM', 1, 1, 2, 33, 105, NULL, 'VERONICA LAURA JUAREZ');
INSERT INTO `docente` VALUES (536, '1489449', 'LEOPOLDO MOISES', 'ZAMATA', 'CALCINA', NULL, NULL, NULL, 944999320, 'LEOLPOLDOZAMATCALCINA@GMAIL.COM', 1, 1, 2, 33, 105, NULL, 'VERONICA LAURA JUAREZ');
INSERT INTO `docente` VALUES (537, '1482571', 'ABRAHAM', 'PUMA', 'CHOQUE', '18/11/2020', '002023-2020-DREP', 'POR FALLECIMIENTO', NULL, NULL, 1, 2, 2, 33, 160, 'FALTAN LOS 4 FORMATOS-CESA EN EL AÑO 2020', 'VERONICA LAURA JUAREZ');
INSERT INTO `docente` VALUES (538, '2439599', 'CARLOS ANTONIO', 'SALAS', 'RAMOS', NULL, NULL, NULL, 975353500, 'CARLOS_SALAS_@HOTMAIL.ES', 1, 1, 2, 33, 105, NULL, 'VERONICA LAURA JUAREZ');
INSERT INTO `docente` VALUES (539, '1557677', 'PAULINO FLAVIO', 'VILCA', 'QUISPE', NULL, NULL, NULL, 951578629, '22PAUL06@GMAIL.COM', 1, 1, 2, 33, 105, NULL, 'VERONICA LAURA JUAREZ');
INSERT INTO `docente` VALUES (540, '1225740', 'DINA YRENE', 'PAREDES', 'ASTRULLA', NULL, NULL, NULL, 935622689, 'DINAPAREDES1045@GMAIL.COM', 1, 1, 2, 33, 105, NULL, 'VERONICA LAURA JUAREZ');
INSERT INTO `docente` VALUES (541, '1491224', 'OSWALDO VALERIO', 'CUNO', 'RAMIREZ', NULL, NULL, NULL, 944151643, 'OSWALMEYER2@GMAIL.COM', 2, 1, 3, 13, 106, NULL, 'VERONICA LAURA JUAREZ');
INSERT INTO `docente` VALUES (542, '1321853', 'NESTOR GEDION', 'sucapuca', 'SUCAPUCA', NULL, NULL, NULL, 950762702, 'NSUCA.1953@GMAIL.COM', 2, 1, 3, 33, 106, NULL, 'VERONICA LAURA JUAREZ');
INSERT INTO `docente` VALUES (543, '1531192', 'SILVESTRE OCTAVIO', 'CALAPUJA', 'VILLASANTE', NULL, NULL, NULL, NULL, NULL, 2, 1, 3, 33, 106, 'FALTAN LOS 4 FORMATOS', 'VERONICA LAURA JUAREZ');
INSERT INTO `docente` VALUES (544, '1498700', 'ANTOLIN', 'CUTISACA', 'SUCARI', NULL, NULL, NULL, NULL, NULL, 2, 1, 3, 33, 106, 'FALTAN LOS 4 FORMATOS', 'VERONICA LAURA JUAREZ');
INSERT INTO `docente` VALUES (545, '1480956', 'EUFRACIO HILARIO', 'APAZA', 'POMALEQUE', NULL, NULL, NULL, NULL, NULL, 2, 1, 3, 33, 106, 'FALTAN LOS 4 FORMATOS', 'VERONICA LAURA JUAREZ');
INSERT INTO `docente` VALUES (546, '1483181', 'YOLANDA TERESA', 'CCARI', 'LAYME', NULL, NULL, NULL, NULL, NULL, 2, 1, 3, 33, 106, 'FALTAN LOS 4 FORMATOS', 'VERONICA LAURA JUAREZ');
INSERT INTO `docente` VALUES (547, '1207904', 'TIMOTEA PAZ', 'CRUZ', 'NINA', NULL, NULL, NULL, 992296206, 'TIMO.PCN@GMAIL.COM', 2, 1, 3, 33, 106, NULL, 'VERONICA LAURA JUAREZ');
INSERT INTO `docente` VALUES (548, '1289250', 'CESAR REMIGIO', 'JUSTUS', 'PONCE', NULL, NULL, NULL, 945021116, 'CEJUPO9999@GMAIL.COM', 2, 1, 3, 33, 106, NULL, 'VERONICA LAURA JUAREZ');
INSERT INTO `docente` VALUES (549, '1488651', 'MARCELINA', 'LIVISI', 'CHAMBI', NULL, NULL, NULL, 958109623, 'MARCELINALIVISI@GMAIL.COM', 2, 1, 3, 33, 106, NULL, 'VERONICA LAURA JUAREZ');
INSERT INTO `docente` VALUES (550, '1488606', 'JULIA', 'MAMANI', 'ZAMATA', NULL, NULL, NULL, 982677278, NULL, 2, 1, 3, 33, 106, NULL, 'VERONICA LAURA JUAREZ');
INSERT INTO `docente` VALUES (551, '1484868', 'ANDRES FLORENTINO', 'MAMANI', 'CCUNO', NULL, NULL, NULL, 912690261, 'ANDERSONMAMANI131@GMAIL.COM', 2, 1, 3, 33, 106, NULL, 'VERONICA LAURA JUAREZ');
INSERT INTO `docente` VALUES (552, '1311243', 'RODRIGO', 'GOMEZ', 'ESTEBA', NULL, NULL, NULL, 968080881, 'RODRI.LIBERAL@HOTMAIL.COM', 1, 1, 2, 34, 107, NULL, 'VERONICA LAURA JUAREZ');
INSERT INTO `docente` VALUES (553, '1205546', 'EUSEBIO', 'QUISPE', 'MENDOZA', NULL, NULL, NULL, 951012037, 'EUSEBIOQ20@GMAIL.COM', 1, 1, 2, 34, 107, NULL, 'VERONICA LAURA JUAREZ');
INSERT INTO `docente` VALUES (554, '1335463', 'HUGO', 'FLORES', 'CONDORI', NULL, NULL, NULL, 950882614, 'VICTOR01083HUGO@GMAIL.COM', 1, 1, 2, 34, 107, NULL, 'VERONICA LAURA JUAREZ');
INSERT INTO `docente` VALUES (555, '1327247', 'EDGAR LUIS', 'GUTIERREZ', 'GOMEZ', NULL, NULL, NULL, 951823696, 'GUTGOE0@GMAIL.COM', 1, 1, 2, 34, 107, NULL, 'VERONICA LAURA JUAREZ');
INSERT INTO `docente` VALUES (556, '1309980', 'ALFREDO', 'ARO', 'CCALLI', NULL, NULL, NULL, NULL, NULL, 1, 1, 2, 34, 107, 'FALTAN LOS 4 FORMATOS', 'VERONICA LAURA JUAREZ');
INSERT INTO `docente` VALUES (557, '1797878', 'URBANO', 'LUPACA', 'LUPACA', NULL, NULL, NULL, 950954551, 'URBANOLUPACALUPACA@GMAIL.COM', 2, 1, 2, 34, 107, NULL, 'VERONICA LAURA JUAREZ');
INSERT INTO `docente` VALUES (558, '1234463', 'MODESTO LEONARDO', 'RODRIGUEZ', 'QUISPE', NULL, NULL, NULL, 954642620, 'LEOVIP1560@GMAIL.COM', 1, 1, 2, 34, 107, NULL, 'VERONICA LAURA JUAREZ');
INSERT INTO `docente` VALUES (559, '1285764', 'FRANCISCO', 'CARRION', 'CUSIHUAMAN', NULL, NULL, NULL, 951723959, 'FRACC5610@GMAIL.COM', 1, 1, 2, 19, 108, NULL, 'VERONICA LAURA JUAREZ');
INSERT INTO `docente` VALUES (560, '1217247', 'GUALBERTO EFRAIN', 'CARO', 'ESCARCENA', '22/06/2021', '001705-2021-DREP', 'POR FALLECIMIENTO', 980858713, 'CHCHICARO@HOTMAIL.ES', 1, 2, 2, 19, 133, NULL, 'VERONICA LAURA JUAREZ');
INSERT INTO `docente` VALUES (561, '1305983', 'JOSE DOMINGO', 'CALISAYA', 'MAMANI', NULL, NULL, NULL, 951755775, 'JOSECALIMAN13@GMAIL.COM', 1, 1, 2, 19, 108, NULL, 'VERONICA LAURA JUAREZ');
INSERT INTO `docente` VALUES (562, '1297055', 'CONSTANTINA OTILIA', 'AGUILAR', 'OLIVERA', NULL, NULL, NULL, 951019059, 'AGUILAR.OTILIA30@HOTMAIL.COM', 1, 1, 2, 19, 108, NULL, 'VERONICA LAURA JUAREZ');
INSERT INTO `docente` VALUES (563, '1292227', 'MERCEDES', 'BARRIONUEVO', 'CALATAYUD', NULL, NULL, NULL, 946686631, 'LIBERUM_15@HOTMAIL.COM', 2, 1, 3, 19, 108, NULL, 'VERONICA LAURA JUAREZ');
INSERT INTO `docente` VALUES (564, '1305713', 'ANA MARIA', 'AROHUANCA', 'NINA', NULL, NULL, NULL, 950482589, 'AROHUANCA68@HOTMAIL.COM', 1, 1, 2, 19, 108, NULL, 'VERONICA LAURA JUAREZ');
INSERT INTO `docente` VALUES (565, '1281434', 'CESAR', 'CALSIN', 'CONDORI', NULL, NULL, NULL, 932602090, 'CESARCALSINCONDORI@HOTMAIL.COM', 1, 1, 2, 19, 108, NULL, 'VERONICA LAURA JUAREZ');
INSERT INTO `docente` VALUES (566, '1304738', 'EDGAR JUSTO', 'CRUZ', 'CHOQUE', NULL, NULL, NULL, 921793401, 'ANUNAKI120@GMAIL.COM', 1, 1, 2, 19, 109, NULL, 'VERONICA LAURA JUAREZ');
INSERT INTO `docente` VALUES (567, '2284536', ', EDGAR FILIBERTO', 'CRUZ', 'QUISPE', NULL, NULL, NULL, 988509100, 'EDGARFCQ@GMAIL.COM', 1, 1, 2, 19, 109, NULL, 'VERONICA LAURA JUAREZ');
INSERT INTO `docente` VALUES (568, '1307622', 'JUAN FELIX', 'CUNO', 'BALCONA', NULL, NULL, NULL, 959503592, 'JUANCUNOBALCONA05@GMAIL.COM', 1, 1, 2, 19, 109, NULL, 'VERONICA LAURA JUAREZ');
INSERT INTO `docente` VALUES (569, '1204326', 'RUBEN MANECIO', 'COTRADO', 'RAMOS', NULL, NULL, NULL, 951732074, 'RUBENMANCORA@GMAIL.COM', 1, 1, 2, 19, 109, NULL, 'VERONICA LAURA JUAREZ');
INSERT INTO `docente` VALUES (570, '1282609', 'ISIDRO', 'DURAN', 'CHARCA', '31/05/2022', '001282-2022-DREP', 'POR LIMITE DE EDAD', 988483399, 'ISIDUCH988@GMAIL.COM', 1, 2, 2, 19, 136, NULL, 'VERONICA LAURA JUAREZ');
INSERT INTO `docente` VALUES (571, '1216153', 'JERBER DAVID', 'FRANCO', 'PINEDA', NULL, NULL, NULL, 951735220, 'DAFRAN_65@HOTMAIL.COM', 1, 1, 2, 19, 111, NULL, 'VERONICA LAURA JUAREZ');
INSERT INTO `docente` VALUES (572, '1334351', 'JAIME EUFRAIN', 'FLORES', 'QUISPE', NULL, NULL, NULL, NULL, NULL, 1, 1, 2, 19, 111, 'FALTAN LOS 4 FORMATOS', 'VERONICA LAURA JUAREZ');
INSERT INTO `docente` VALUES (573, '1486985', 'JUANA', 'HANCCO', 'AGUILAR', NULL, NULL, NULL, 958711958, 'JHAKIMSA@GMAIL.COM', 2, 1, 3, 19, 109, NULL, 'VERONICA LAURA JUAREZ');
INSERT INTO `docente` VALUES (574, '1307924', 'SANDRA', 'GARNICA', 'JIMENEZ', NULL, NULL, NULL, 942157635, 'SANDRAGARNICAJIMENEZ@GMAIL.COM', 1, 1, 2, 19, 109, NULL, 'VERONICA LAURA JUAREZ');
INSERT INTO `docente` VALUES (575, '1209444', 'JULIO BACILIO', 'FLORES', 'MAMANI', NULL, NULL, NULL, 964524677, 'BFM489@GMAIL.COM', 2, 1, 3, 19, 109, NULL, 'VERONICA LAURA JUAREZ');
INSERT INTO `docente` VALUES (576, '1216529', 'PLACIDO EFRAIN', 'GONZALES', 'FLORES', '31/10/2022', '002588-2022-DREP', 'POR LIMITE DE EDAD', 951282001, 'ODICALP121@GMAIL.COM', 1, 2, 2, 19, 154, NULL, 'VERONICA LAURA JUAREZ');
INSERT INTO `docente` VALUES (577, '1215223', 'FRANCISCO', 'HOLGUIN', 'ROQUE', NULL, NULL, NULL, 951798395, 'HOROF11@HOTMAIL.COM', 1, 1, 2, 19, 111, NULL, 'VERONICA LAURA JUAREZ');
INSERT INTO `docente` VALUES (578, '1226179', 'ROSA ELENA', 'HUANCA', 'MACHACA', NULL, NULL, NULL, 979998805, 'ROSEHMA12@GMAIL.COM', 2, 1, 3, 19, 111, NULL, 'VERONICA LAURA JUAREZ');
INSERT INTO `docente` VALUES (579, '1221864', 'MARTHA GLADYS', 'LOPEZ', 'USEDO', NULL, NULL, NULL, 990868229, 'GLAMLOUS@HOTMAIL.COM', 2, 1, 3, 19, 111, NULL, 'VERONICA LAURA JUAREZ');
INSERT INTO `docente` VALUES (580, '1308903', 'JAVIER', 'LUQUE', 'MAMANI', NULL, NULL, NULL, 923324823, 'MJLUQUE_31@HOTMAIL.COM', 1, 1, 2, 19, 111, NULL, 'VERONICA LAURA JUAREZ');
INSERT INTO `docente` VALUES (581, '2427250', 'JAIME AMBROSIO', 'MAMANI', 'COLQUEHUANCA', NULL, NULL, NULL, 951667440, 'JULIUS_07_@HOTMAIL.COM', 1, 1, 2, 18, 111, 'OJO ESTA EN ESFA JULIACA', 'VERONICA LAURA JUAREZ');
INSERT INTO `docente` VALUES (582, '17836143', 'ROLANDO DIOMEDES', 'MAMANI', 'INQUILLA', NULL, NULL, NULL, NULL, NULL, 1, 1, 2, 19, 111, 'FALTAN LOS 4 FORMATOS', 'VERONICA LAURA JUAREZ');
INSERT INTO `docente` VALUES (583, '2403278', 'CLAUDIO', 'LARICO', 'APAZA', '16/01/2021', '000735-2021-DREP', 'POR FALLECIMIENTO', NULL, NULL, 1, 2, 3, 19, 157, 'FALTAN LOS 4 FORMATOS-CESA EN EL AÑO 2021', 'VERONICA LAURA JUAREZ');
INSERT INTO `docente` VALUES (584, '1284985', 'BETTY DEALTINA', 'REBOA', 'VARGAS', NULL, NULL, NULL, 982335605, 'BETTYREBOA2020@GMAIL.COM', 1, 1, 2, 19, 112, NULL, 'VERONICA LAURA JUAREZ');
INSERT INTO `docente` VALUES (585, '1235411', 'JHONNY', 'SALAS', 'RODRIGUEZ', NULL, NULL, NULL, 951452597, 'JHONNY-SUD4@HOTMAIL.COM', 1, 1, 2, 19, 112, NULL, 'VERONICA LAURA JUAREZ');
INSERT INTO `docente` VALUES (586, '1231474', 'WILBER ARIEL', 'MAYDANA', 'ITURRIAGA', NULL, NULL, NULL, 943658413, 'V', 1, 1, 2, 19, 112, NULL, 'VERONICA LAURA JUAREZ');
INSERT INTO `docente` VALUES (587, '1223478', 'VICTOR JULIO', 'VARGAS', 'SACACA', NULL, NULL, NULL, 953536090, 'VICJULIO1257@GMAIL.COM', 1, 1, 2, 19, 112, NULL, 'VERONICA LAURA JUAREZ');
INSERT INTO `docente` VALUES (588, '1334477', 'TORIBIO', 'TOQUE', 'JUAREZ', NULL, NULL, NULL, 953433221, 'TORIBONE67@GMAIL.COM', 1, 1, 2, 19, 112, NULL, 'VERONICA LAURA JUAREZ');
INSERT INTO `docente` VALUES (589, '1227660', 'EDUARDO', 'MAMANI', 'ÑACA', NULL, NULL, NULL, 984735777, 'EDUARDO.ESFAP@GMAIL.COM', 1, 1, 2, 19, 112, NULL, 'VERONICA LAURA JUAREZ');
INSERT INTO `docente` VALUES (590, '1340805', 'WALTER PAZ', 'QUISPE', 'SANTOS', NULL, NULL, NULL, NULL, NULL, 1, 1, 2, 19, 112, 'FALTAN LOS 4 FORMATOS Y ES FALLECIDO', 'VERONICA LAURA JUAREZ');
INSERT INTO `docente` VALUES (591, '4644682', 'ANGEL PORFIDIO', 'MAQUERA', 'MARCA', NULL, NULL, NULL, 930313572, 'ANGEMAQ7@GMAIL.COM', 2, 1, 3, 19, 113, NULL, 'VERONICA LAURA JUAREZ');
INSERT INTO `docente` VALUES (592, '1223043', 'SEBASTIAN LAUREANO', 'HUARSAYA', 'ZAMATA', NULL, NULL, NULL, 951720786, '555SEBASTIANLAUR@GMAIL.COM', 2, 1, 3, 19, 113, NULL, 'VERONICA LAURA JUAREZ');
INSERT INTO `docente` VALUES (593, '1277339', 'GLORIA AYDEE', 'MENDOZA', 'MANZANO', NULL, NULL, NULL, 951424629, 'AYDEEMANZANO22@GMAIL.COM', 2, 1, 3, 19, 113, NULL, 'VERONICA LAURA JUAREZ');
INSERT INTO `docente` VALUES (594, '1236964', 'FELICIANO', 'TISNADO', 'MONTEAGUDO', NULL, NULL, NULL, 951153182, NULL, 2, 1, 3, 19, 113, NULL, 'VERONICA LAURA JUAREZ');
INSERT INTO `docente` VALUES (595, '2008080', 'ZOILA ROSA', 'GALVEZ', 'DE FUENTES', NULL, NULL, NULL, 978405068, 'ZOILAROSAGALVEZ@GMAIL.COM', 2, 1, 3, 19, 113, NULL, 'VERONICA LAURA JUAREZ');
INSERT INTO `docente` VALUES (596, '1227966', 'PETRONA MARINA', 'CAÑAZACA', 'QUISPE', NULL, NULL, NULL, 964433111, 'MARIPETA33@GMAIL.COM', 2, 1, 3, 19, 113, NULL, 'VERONICA LAURA JUAREZ');
INSERT INTO `docente` VALUES (597, '1209999', 'MARTINA MARINA', 'ACERO', 'BELISARIO', NULL, NULL, NULL, 958414187, 'BELISARIOM@GMAIL.COM', 2, 1, 3, 19, 113, NULL, 'VERONICA LAURA JUAREZ');
INSERT INTO `docente` VALUES (598, '1291354', 'CLEMENTE', 'GARAVITO', 'RAMOS', NULL, NULL, NULL, 951489611, 'CLEMEGARARA@GMAIL.COM', 2, 1, 3, 19, 113, NULL, 'VERONICA LAURA JUAREZ');
INSERT INTO `docente` VALUES (599, '2394786', 'RODOLFREDO', 'BERNEDO', 'QUISPE', NULL, NULL, NULL, 959700413, 'ROBER1231@HOTMAL.COM', 1, 1, 2, 18, 114, NULL, 'VERONICA LAURA JUAREZ');
INSERT INTO `docente` VALUES (600, '1227277', 'NANCY AMPARO', 'ARDILES', 'CATACORA', NULL, NULL, NULL, 959942418, 'NAARDILESC@GMAIL.COM', 1, 1, 2, 18, 114, NULL, 'VERONICA LAURA JUAREZ');
INSERT INTO `docente` VALUES (601, '2394525', 'JAVIER', 'BORDA', 'MACHACA', NULL, NULL, NULL, 951975999, NULL, 1, 1, 2, 18, 114, 'FALTAN LOS 4 FORMATOS', 'VERONICA LAURA JUAREZ');
INSERT INTO `docente` VALUES (602, '2440787', 'WALVIN FUAD', 'APAZA', 'PORTILLO', NULL, NULL, NULL, 951928719, 'WALVINFUADAPAZA73@GMAIL.COM', 1, 1, 2, 18, 114, NULL, 'VERONICA LAURA JUAREZ');
INSERT INTO `docente` VALUES (603, '2384566', 'RUBEN ESTEBAN', 'BRUNA', 'QUISPE', NULL, NULL, NULL, 951897777, 'RUBENEBQ54@GMAIL.COM', 1, 1, 2, 18, 114, NULL, 'VERONICA LAURA JUAREZ');
INSERT INTO `docente` VALUES (604, '1310890', 'WILLY', 'CACERES', 'QUISPE', NULL, NULL, NULL, 950068760, 'KACERES_WILL@HOTMAIL.COM', 1, 1, 2, 18, 114, NULL, 'VERONICA LAURA JUAREZ');
INSERT INTO `docente` VALUES (605, '2429143', 'HELAR DARIO', 'CALLA', 'QUISPE', NULL, NULL, NULL, NULL, NULL, 1, 1, 2, 18, 114, 'FALTAN LOS 4 FORMATOS', 'VERONICA LAURA JUAREZ');
INSERT INTO `docente` VALUES (606, '1309496', 'GIL JOSUE', 'CALLI', 'PACOHUANACO', NULL, NULL, NULL, 942060606, 'PACOHUANCA20@GMAIL.COM', 1, 1, 2, 18, 114, NULL, 'VERONICA LAURA JUAREZ');
INSERT INTO `docente` VALUES (607, '2427612', 'HECTOR LEONIDAS', 'ARI', 'LINAREZ', NULL, NULL, NULL, 940808049, 'HE-LINAREZ@HOTMAIL.COM', 1, 1, 2, 18, 114, 'OMISO EN CARPETA PERSONAL  SOLO ESTA LOS 4 FORMATOS', 'VERONICA LAURA JUAREZ');
INSERT INTO `docente` VALUES (608, '1332307', 'CLAUDIO ELISBAN', 'COTRADO', 'MARCA', NULL, NULL, NULL, 951480010, 'CECMA27@GMAIL.COM', 1, 1, 2, 18, 115, NULL, 'VERONICA LAURA JUAREZ');
INSERT INTO `docente` VALUES (609, '1221525', 'ALBERTO EDWIN', 'ESTRADA', 'ROSPIGLIOSI', NULL, NULL, NULL, 940229427, 'AESTRADAROSPIGLIOSI@GMAIL.COM', 1, 1, 2, 18, 115, NULL, 'VERONICA LAURA JUAREZ');
INSERT INTO `docente` VALUES (610, '1308248', 'MAX JHONY', 'CRUZ', 'QUISPE', NULL, NULL, NULL, 971421818, 'MAJCRUQ18@GMAIL.COM', 1, 1, 2, 18, 115, NULL, 'VERONICA LAURA JUAREZ');
INSERT INTO `docente` VALUES (611, '1311913', 'FANNY ANGELICA', 'DAVILA', 'TORRES', NULL, NULL, NULL, 974787937, 'FDAVILA621@GMAIL.COM', 1, 1, 2, 18, 115, NULL, 'VERONICA LAURA JUAREZ');
INSERT INTO `docente` VALUES (612, '1305188', 'LUIS ENRIQUE', 'CUTIMBO', 'LUQUE', NULL, NULL, NULL, 989419641, 'CUTIMBO2015@GMAIL.COM', 1, 1, 2, 18, 115, NULL, 'VERONICA LAURA JUAREZ');
INSERT INTO `docente` VALUES (613, '2424513', 'ANGEL MARIO', 'CUELA', 'SUPO', NULL, NULL, NULL, 951632999, 'CUELA_ESCULTOR@HOTMAIL.COM', 2, 1, 2, 18, 115, NULL, 'VERONICA LAURA JUAREZ');
INSERT INTO `docente` VALUES (614, '1536568', 'AMADOR', 'CCALA', 'MACHACA', NULL, NULL, NULL, 942007218, 'CCALLA2@GMAIL.COM', 1, 1, 2, 18, 115, NULL, 'VERONICA LAURA JUAREZ');
INSERT INTO `docente` VALUES (615, '1218521', 'AMADEO', 'CALSIN', 'APARICIO', '001007-2022-DREP', '001007-2022-DREP', 'POR LIMITE DE EDAD', NULL, NULL, 1, 2, 2, 18, 133, 'FALTAN LOS 4 FORMATOS', 'VERONICA LAURA JUAREZ');
INSERT INTO `docente` VALUES (616, '1287007', 'CARLOS ALBERTO', 'CARDENAS', 'CARI', '25/12/2020', '001061-2021-DREP', 'POR FALLECIMIENTO', NULL, NULL, 1, 2, 2, 18, 133, 'FALTAN LOS 4 FORMATOS  OJO', 'VERONICA LAURA JUAREZ');
INSERT INTO `docente` VALUES (617, '4748105', 'FRANCISCO SANTIAGO', 'GOMEZ', 'LAZARO', NULL, NULL, NULL, NULL, NULL, 1, 1, 2, 18, 116, 'FALTAN LOS 4 FORMATOS', 'VERONICA LAURA JUAREZ');
INSERT INTO `docente` VALUES (618, '2426927', 'SILVERIO LEONARDO', 'GOMEZ', 'APAZA', NULL, NULL, NULL, NULL, NULL, 1, 1, 2, 18, 116, 'FALTAN LOS 4 FORMATOS', 'VERONICA LAURA JUAREZ');
INSERT INTO `docente` VALUES (619, '1316574', 'HUGO', 'PAQUERA', 'MENDOZA', NULL, NULL, NULL, 950411571, 'PAQUEGRAB@GMAIL.COM', 1, 1, 2, 18, 116, NULL, 'VERONICA LAURA JUAREZ');
INSERT INTO `docente` VALUES (620, '1307524', 'HUGO', 'LLANO', 'FLORES', NULL, NULL, NULL, 950871926, 'LLANOFLOHU@HOTMAIL.COM', 1, 1, 2, 18, 116, NULL, 'VERONICA LAURA JUAREZ');
INSERT INTO `docente` VALUES (621, '2385048', 'ERNESTO JACINTO', 'MANSILLA', 'CHURQUIPA', NULL, NULL, NULL, 951565681, NULL, 1, 1, 2, 18, 116, 'FALTAN LOS 4 FORMATOS', 'VERONICA LAURA JUAREZ');
INSERT INTO `docente` VALUES (622, '2392125', 'CELSO', 'HUMPIRI', 'COLQUEHUANCA', NULL, NULL, NULL, 955818187, 'SOCEL18@GMAIL.COM', 1, 1, 2, 18, 116, NULL, 'VERONICA LAURA JUAREZ');
INSERT INTO `docente` VALUES (623, '1212115', 'VICTOR', 'GOMEZ', 'ARI', NULL, NULL, NULL, NULL, NULL, 1, 1, 2, 18, 116, 'NO TIENE LEGAJO PERSONAL', 'VERONICA LAURA JUAREZ');
INSERT INTO `docente` VALUES (624, '1538540', 'MAURO ELOY', 'SUCAPUCA', 'CULTIPA', NULL, NULL, NULL, NULL, NULL, 1, 1, 2, 18, 116, 'FALTAN LOS 4 FORMATOS', 'VERONICA LAURA JUAREZ');
INSERT INTO `docente` VALUES (625, '1777000', 'FRESIA MAGDALENA', 'QUISPE', 'LLANO', NULL, NULL, NULL, 950815043, 'FRESSQ11@HOTMAIL.COM', 1, 1, 2, 18, 116, NULL, 'VERONICA LAURA JUAREZ');
INSERT INTO `docente` VALUES (626, '2376257', 'NINFA', 'CHAHUARA', 'ANCO', NULL, NULL, NULL, 914307050, 'ANDRE_CHAHUARA@HOTMAIL.COM', 2, 1, 3, 18, 119, NULL, 'VERONICA LAURA JUAREZ');
INSERT INTO `docente` VALUES (627, '1322189', 'ROXANA ZOILA', 'ARROYO', 'APAZA', NULL, NULL, NULL, 951464498, 'rox2828@hotmail.com', 1, 1, 4, 11, 118, NULL, 'Hector Arturo Mullisaca Jaen');
INSERT INTO `docente` VALUES (628, '1335265', 'SAYDA MARIA ANTONIETA', 'JIMENEZ', 'PAREDES', NULL, NULL, NULL, 970161115, 'JHOSET93.29@GMAL.COM', 2, 1, 3, 18, 119, NULL, 'VERONICA LAURA JUAREZ');
INSERT INTO `docente` VALUES (629, '43139017', 'jesus napoleon', 'huanca', 'mamani', NULL, NULL, NULL, 992608616, 'napoleoncoach@gmail.com', 1, 1, 4, 11, 118, NULL, 'Hector Arturo Mullisaca Jaen');
INSERT INTO `docente` VALUES (630, '1220398', 'JOSE FABIAN', 'VENEGAS', 'TICONA', '31/01/2021', '001080-2021-DREP', 'POR FALLECIMIENTO', 929601934, 'JOSEAMADEUS87@GMAIL.COM', 2, 2, 3, 18, 168, 'CESA EN EL AÑO 2021', 'VERONICA LAURA JUAREZ');
INSERT INTO `docente` VALUES (631, '1225920', 'gervacia cristina', 'alanguía', 'collatupa', NULL, NULL, NULL, 951041954, 'gcristal2142@gmail.com', 1, 1, 4, 11, 118, NULL, 'Hector Arturo Mullisaca Jaen');
INSERT INTO `docente` VALUES (632, '2380753', 'PRIMITIVA CUSI KOILLOR', 'FLORES', 'MUÑOZ', NULL, NULL, NULL, 961773767, 'CUSIKOILLORFLORESM@GMIAL.COM', 2, 1, 3, 18, 119, NULL, 'VERONICA LAURA JUAREZ');
INSERT INTO `docente` VALUES (634, '29302834', 'EUSEBIA ATANACIA', 'APAZA', 'MAMANI', NULL, NULL, NULL, 951322664, 'EUSEBIAPAZA@GMAIL.COM', 2, 1, 3, 18, 119, NULL, 'VERONICA LAURA JUAREZ');
INSERT INTO `docente` VALUES (635, '01315665', 'Lucila isabel', 'aleman', 'cruz', NULL, NULL, NULL, 950886948, 'lucecita30edupe@gmail.com', 1, 1, 4, 11, 118, NULL, 'Hector Arturo Mullisaca Jaen');
INSERT INTO `docente` VALUES (636, '01992021', 'MIGUEL', 'QUISPE', 'BARREDA', NULL, NULL, NULL, 920252500, 'miguiton@hotmail.com', 2, 1, 3, 18, 119, NULL, 'VERONICA LAURA JUAREZ');
INSERT INTO `docente` VALUES (637, '40125108', 'Fátima alexandra', 'ramos', 'coila', NULL, NULL, NULL, 941800081, 'alecyta09@gmail.com', 1, 1, 4, 11, 120, NULL, 'Hector Arturo Mullisaca Jaen');
INSERT INTO `docente` VALUES (638, '02265471', 'ANGEL', 'SUCA', 'QUISPE', NULL, NULL, NULL, 951009192, 'ANSOL68@HOTMAIL.COM', 2, 1, 3, 18, 119, NULL, 'VERONICA LAURA JUAREZ');
INSERT INTO `docente` VALUES (639, '01221410', 'MARIA VIRGINIA', 'MORALES', 'ARANCIBIA', NULL, NULL, NULL, 974732569, 'MORALES.ARANCI.2030@GMAIL.COM', 2, 1, 3, 18, 119, NULL, 'VERONICA LAURA JUAREZ');
INSERT INTO `docente` VALUES (640, '02433207', 'ALFONSO', 'QUISPE', 'PAREDES', '31/08/2020', '001405-2020-DREP', 'POR LIMITE DE EDAD', NULL, NULL, 2, 2, 3, 18, 163, 'faltan los 4 formatos', 'VERONICA LAURA JUAREZ');
INSERT INTO `docente` VALUES (641, '40471999', 'Judith blanca', 'valencia', 'pacho', NULL, NULL, NULL, 951624638, 'jblancavalenciap@gmail.com', 1, 1, 4, 11, 120, 'faltan sus 4 formatos', 'Hector Arturo Mullisaca Jaen');
INSERT INTO `docente` VALUES (642, '01228921', 'raúl', 'oha', 'umiña', NULL, NULL, NULL, 960176117, 'rauloha6@gmail.com', 1, 1, 4, 11, 120, NULL, 'Hector Arturo Mullisaca Jaen');
INSERT INTO `docente` VALUES (643, '02422869', 'David hermenecildo', 'paricahua', 'condori', NULL, NULL, NULL, 982004685, 'hermeneg59@hotmail.com', 1, 1, 4, 11, 120, NULL, 'Hector Arturo Mullisaca Jaen');
INSERT INTO `docente` VALUES (644, '01306317', 'wilfredo', 'barrientos', 'quispe', NULL, NULL, NULL, 992625210, 'wilfredobarrientos@gmail.com', 1, 1, 4, 11, 120, NULL, 'Hector Arturo Mullisaca Jaen');
INSERT INTO `docente` VALUES (645, '01310239', 'VICTOR', 'LAURENTE', 'CORNEJO', '03/03/2021', '000929-2021-DREP', 'POR FALLECIMIENTO', NULL, NULL, 1, 2, 2, 35, 157, 'faltan los 4 formatos omiso-CESA EN EL AÑO 2021', 'VERONICA LAURA JUAREZ');
INSERT INTO `docente` VALUES (646, '01331135', 'WALTER JAIME', 'COTRADO', 'COTRADO', NULL, NULL, NULL, NULL, NULL, 1, 1, 2, 35, 121, 'FALTAN LOS 4 FORMATOS', 'VERONICA LAURA JUAREZ');
INSERT INTO `docente` VALUES (647, '02036258', 'DELIA YOVANA', 'SALAZAR', 'CALDERON', NULL, NULL, NULL, 921086200, 'FLAKITAYOVANA@GMAIL.COM', 2, 1, 3, 35, 121, 'FALTAN LOS 4 FORMATOS', 'VERONICA LAURA JUAREZ');
INSERT INTO `docente` VALUES (648, '02050811', 'FULGENCIO', 'CONDORI', 'TITO', NULL, NULL, NULL, 951847099, 'FCONDORI_61@HOTMAIL.COM', 1, 1, 2, 35, 121, NULL, 'VERONICA LAURA JUAREZ');
INSERT INTO `docente` VALUES (649, '01301806', 'VICTOR RAUL', 'MAMANI', 'MAMANI', NULL, NULL, NULL, NULL, NULL, 1, 1, 2, 35, 121, 'FALTAN LOS 4 FORMATOS', 'VERONICA LAURA JUAREZ');
INSERT INTO `docente` VALUES (650, '01219175', 'GUILLERMO', 'CUTIPA', 'ZAPANA', NULL, NULL, NULL, NULL, NULL, 1, 1, 2, 35, 121, 'FALTAN LOS 4 FORMATOS', 'VERONICA LAURA JUAREZ');
INSERT INTO `docente` VALUES (651, '01314492', 'JOSE MANUEL', 'VELASQUEZ', 'FLORES', NULL, NULL, NULL, 951626070, NULL, 1, 1, 2, 35, 121, 'FALTAN LOS 4 FORMATOS', 'VERONICA LAURA JUAREZ');
INSERT INTO `docente` VALUES (652, '01316181', 'JUAN CONRADO', 'RIQUELME', 'MENENDEZ', NULL, NULL, NULL, NULL, NULL, 1, 1, 2, 35, 121, NULL, 'VERONICA LAURA JUAREZ');
INSERT INTO `docente` VALUES (653, '01317433', 'VICENTE ZAHUL', 'ESCALANTE', 'GUTIERREZ', NULL, NULL, NULL, 993900377, 'ZAHUL@HOTMAIL.COM', 1, 1, 2, 35, 121, 'FALTAN LOS 4 FORMATOS', 'VERONICA LAURA JUAREZ');
INSERT INTO `docente` VALUES (654, '01200893', 'CANCIO AURELIO', 'ANAHUA', 'JORDAN', '30/11/1991', '0754', 'CESE A SOLICITUD', NULL, NULL, 3, 3, 3, 36, 122, NULL, 'Hector Arturo Mullisaca Jaen');
INSERT INTO `docente` VALUES (655, '01225022', 'SILVIA BUENAVENTURA', 'ALANOCA', 'NAYRA', '30/09/1992', '1624', 'CESE A SOLICITUD', NULL, NULL, 1, 3, 1, 36, 122, NULL, 'Hector Arturo Mullisaca Jaen');
INSERT INTO `docente` VALUES (656, '01803593', 'ALIPIO', 'ANCCO', 'ANCCO', '31/12/2002', '10508', 'CESE A SOLICITUD', NULL, NULL, 1, 3, 1, 36, 122, NULL, 'Hector Arturo Mullisaca Jaen');
INSERT INTO `docente` VALUES (657, '01206118', 'VICTOR RAUL', 'ARCE', 'MAMANI', NULL, NULL, 'CESE A SOLICITUD', NULL, NULL, 1, 3, 1, 36, 122, 'NO CUENTA CON RDR DE CESE', 'Hector Arturo Mullisaca Jaen');
INSERT INTO `docente` VALUES (658, '01211333', 'VICTOR EMILIANO', 'ALVAREZ', 'PIMENTEL', '31/08/1992', '1027', 'CESE A SOLICITUD', NULL, NULL, 1, 3, 1, 36, 122, NULL, 'Hector Arturo Mullisaca Jaen');
INSERT INTO `docente` VALUES (659, '01201034', 'MELESIO CESAR', 'ALATA', 'AGUIRRE', NULL, NULL, 'CESE A SOLICITUD', NULL, NULL, 1, 3, 1, 36, 122, 'NO CUENTA CON RDR DE CESE', 'Hector Arturo Mullisaca Jaen');
INSERT INTO `docente` VALUES (660, '01223488', 'ESTEBAN', 'ARI', 'GUILLEN', '30/09/1991', '0211', 'CESE A SOLICITUD', NULL, NULL, 1, 3, 1, 36, 122, NULL, 'Hector Arturo Mullisaca Jaen');
INSERT INTO `docente` VALUES (661, '01231515', 'JUSTO GERMAN', 'ALEJO', 'MAYTA', '28/02/1995', '673', 'CESE A SOLICITUD', NULL, NULL, 1, 3, 1, 36, 122, NULL, 'Hector Arturo Mullisaca Jaen');
INSERT INTO `docente` VALUES (662, '01235412', 'VALERIANA', 'ALVAREZ', 'QUISPE DE MELENDEZ', '30/04/1992', '0424', 'CESE A SOLICITUD', NULL, NULL, 1, 3, 1, 36, 122, NULL, 'Hector Arturo Mullisaca Jaen');
INSERT INTO `docente` VALUES (663, '01204237', 'ARMINDA', 'AGUILAR', 'PAEZ', '01/11/2004', '2730', 'CESE A SOLICITUD', NULL, NULL, 1, 3, 1, 36, 122, NULL, 'Hector Arturo Mullisaca Jaen');
INSERT INTO `docente` VALUES (664, '01245199', 'JORGE', 'AGUILAR', 'LUNA', '31/03/1988', '0203', 'CESE A SOLICITUD', NULL, NULL, 1, 3, 1, 36, 122, NULL, 'Hector Arturo Mullisaca Jaen');
INSERT INTO `docente` VALUES (665, '01286007', 'JUANA MAGDA', 'AGUILAR', 'VELAZCO', '31/03/1987', '0415', 'CESE A SOLICITUD', NULL, NULL, 1, 3, 1, 36, 122, NULL, 'Hector Arturo Mullisaca Jaen');
INSERT INTO `docente` VALUES (666, '01203213', 'HUGO WILFREDO', 'ARPASI', 'ARIAS', '31/05/1996', '2018', 'CESE A SOLICITUD', NULL, NULL, 1, 3, 1, 36, 122, NULL, 'Hector Arturo Mullisaca Jaen');
INSERT INTO `docente` VALUES (667, '01205504', 'BETTY LOURDES', 'ARREDONDO', 'PORTOCARRERO', '30/06/1992', '0719', 'CESE A SOLICITUD', NULL, NULL, 1, 3, 1, 36, 122, NULL, 'Hector Arturo Mullisaca Jaen');
INSERT INTO `docente` VALUES (668, '01209977', 'LEONOR LUCILA', 'AÑASCO', 'ESPEJO', '03/05/2000', '1921', 'CESE A SOLICITUD', NULL, NULL, 1, 3, 1, 36, 122, NULL, 'Hector Arturo Mullisaca Jaen');
INSERT INTO `docente` VALUES (669, '02385680', 'LEONIDAS WILFREDO', 'ALFARO', 'GONZALES', '01/10/2012', '2229', 'POR LIMITE DE EDAD', NULL, NULL, 1, 3, 1, 36, 122, NULL, 'Hector Arturo Mullisaca Jaen');
INSERT INTO `docente` VALUES (670, '01264104', 'ROSARIO', 'ANCCO', 'DE PINEDA', '30/04/1996', '1855', 'CESE A SOLICITUD', NULL, NULL, 1, 3, 1, 36, 122, NULL, 'Hector Arturo Mullisaca Jaen');
INSERT INTO `docente` VALUES (671, '01229624', 'ANGELA BENITA', 'AROHUANCA', 'YUCRA', '31/08/1997', '4545', 'CESE A SOLICITUD', NULL, NULL, 1, 3, 1, 36, 122, NULL, 'Hector Arturo Mullisaca Jaen');
INSERT INTO `docente` VALUES (672, '01287091', 'SOFIA MERCEDES', 'ALANOCA', 'NAIRA', '31/10/1994', '1536', 'CESE A SOLICITUD', NULL, NULL, 1, 3, 1, 36, 122, NULL, 'Hector Arturo Mullisaca Jaen');
INSERT INTO `docente` VALUES (673, '01282741', 'CARLOS FELIPE', 'AGUILAR', 'LOZA', '31/03/1995', '927', 'CESE A SOLICITUD', NULL, NULL, 1, 3, 1, 36, 122, NULL, 'Hector Arturo Mullisaca Jaen');
INSERT INTO `docente` VALUES (674, '01201107', 'IGNACIO EUGENIO', 'ARUHUANCA', 'ALAVE', '01/01/1999', '060', 'CESE A SOLICITUD', NULL, NULL, 1, 3, 1, 36, 122, NULL, 'Hector Arturo Mullisaca Jaen');
INSERT INTO `docente` VALUES (675, '01234255', 'CARLOS ARTURO', 'ARNEZ', 'CASTILLO', '01/09/1999', '5616', 'CESE A SOLICITUD', NULL, NULL, 1, 3, 1, 36, 122, NULL, 'Hector Arturo Mullisaca Jaen');
INSERT INTO `docente` VALUES (676, '01202197', 'EGBERTA', 'AGUILAR', 'OLIVERA', '01/05/2003', '3112', 'CESE A SOLICITUD', NULL, NULL, 2, 3, 3, 11, 122, NULL, 'Hector Arturo Mullisaca Jaen');
INSERT INTO `docente` VALUES (677, '01209396', 'DINA ESTHER', 'ANGULO', 'GUILLEN', '23/03/2001', '2632', 'CESE A SOLICITUD', NULL, NULL, 1, 3, 1, 36, 122, NULL, 'Hector Arturo Mullisaca Jaen');
INSERT INTO `docente` VALUES (678, '01209943', 'MARIA DORA', 'AGUILAR', 'AGUILAR DE PEÑARANDA', '31/07/1983', '0705', 'CESE A SOLICITUD', NULL, NULL, 1, 3, 1, 36, 122, NULL, 'Hector Arturo Mullisaca Jaen');
INSERT INTO `docente` VALUES (679, '01203894', 'ELEODORO', 'ANCCO', 'ANCCO', '30/04/1993', '0500', 'CESE A SOLICITUD', NULL, NULL, 1, 3, 1, 36, 123, NULL, 'Hector Arturo Mullisaca Jaen');
INSERT INTO `docente` VALUES (680, '01231352', 'ROBERTO', 'ALIAGA', 'MAMANI', '01/07/1985', '0853', 'CESE A SOLICITUD', NULL, NULL, 1, 3, 1, 36, 123, NULL, 'Hector Arturo Mullisaca Jaen');
INSERT INTO `docente` VALUES (681, '01220596', 'TEODORA MARCELINA', 'APAZA', 'CHAMBILLA', NULL, NULL, 'CESE A SOLICITUD', NULL, NULL, 1, 3, 1, 36, 123, 'NO CUENTA CON RDR DE CESE', 'Hector Arturo Mullisaca Jaen');
INSERT INTO `docente` VALUES (682, '01284717', 'HONORIO FIDEL ERNESTO', 'APAZA', 'MURILLO', '31/07/1992', '0830', 'CESE A SOLICITUD', NULL, NULL, 1, 3, 1, 36, 123, NULL, 'Hector Arturo Mullisaca Jaen');
INSERT INTO `docente` VALUES (683, '42666597', 'ROSA', 'ABARCA', 'PEREZ', '02/05/2003', '2627', 'CESE A SOLICITUD', NULL, NULL, 1, 3, 1, 36, 123, NULL, 'Hector Arturo Mullisaca Jaen');
INSERT INTO `docente` VALUES (684, '01213148', 'BETTY VICTORIA', 'AQUICE', 'VILCA', '31/08/1998', '4170', 'CESE A SOLICITUD', NULL, NULL, 1, 3, 1, 36, 123, NULL, 'Hector Arturo Mullisaca Jaen');
INSERT INTO `docente` VALUES (687, '01334514', 'LUCILA ROSA', 'ALVAREZ', 'QUISPE DE MELENDEZ', '15/11/1995', NULL, 'CESE A SOLICITUD', NULL, NULL, 1, 3, 1, 36, 123, 'NO SE LOGRA APRECIAR EL NUMERO DE RDR DEL CESE', 'Hector Arturo Mullisaca Jaen');
INSERT INTO `docente` VALUES (688, '01234622', 'MARIA TERESA', 'APAZA', 'BELTRAN', '02/03/2002', '533', 'CESE A SOLICITUD', NULL, NULL, 1, 3, 1, 36, 123, NULL, 'Hector Arturo Mullisaca Jaen');
INSERT INTO `docente` VALUES (689, '01534182', 'TEODORO', 'ARAPA', 'YAPO', '30/06/1996', '2232', 'CESE A SOLICITUD', NULL, NULL, 1, 3, 1, 36, 123, NULL, 'Hector Arturo Mullisaca Jaen');
INSERT INTO `docente` VALUES (690, '01218992', 'MARIA ANTONIETA', 'ARRIAGA', 'ARCE', NULL, NULL, 'CESE A SOLICITUD', NULL, NULL, 1, 3, 1, 1, 6, 'NO CUENTA CON RDR DE CESE', 'Hector Arturo Mullisaca Jaen');
INSERT INTO `docente` VALUES (691, '01287470', 'PASTOR', 'AROAPAZA', 'ARPASI', '31/05/1994', '0804', 'CESE A SOLICITUD', NULL, NULL, 1, 3, 1, 36, 123, NULL, 'Hector Arturo Mullisaca Jaen');
INSERT INTO `docente` VALUES (692, '01304081', 'CELIA', 'ANGLES', 'CASTRO', '30/09/1991', '0221', 'CESE A SOLICITUD', NULL, NULL, 1, 3, 1, 36, 123, NULL, 'Hector Arturo Mullisaca Jaen');
INSERT INTO `docente` VALUES (693, '01201562', 'JAIME ALCIDES', 'ARRIAGA', 'ARCE', '31/05/1996', '2013', 'CESE A SOLICITUD', NULL, NULL, 1, 3, 1, 36, 123, NULL, 'Hector Arturo Mullisaca Jaen');
INSERT INTO `docente` VALUES (694, '01222131', 'MARINA ESTELA', 'AVALOS', 'VELASQUEZ', '31/12/1999', '580', 'CESE A SOLICITUD', NULL, NULL, 1, 3, 1, 36, 123, NULL, 'Hector Arturo Mullisaca Jaen');
INSERT INTO `docente` VALUES (695, '01200303', 'FERMIN', 'ARUHUANCA', 'CCAMA', NULL, NULL, 'CESE A SOLICITUD', NULL, NULL, 1, 3, 1, 36, 123, 'NO CUENTA CON RDR DE CESE', 'Hector Arturo Mullisaca Jaen');
INSERT INTO `docente` VALUES (696, '01204312', 'DORA LUZ', 'ARPASI', 'ORTEGA', '30/04/1998', '1662', 'CESE A SOLICITUD', NULL, NULL, 1, 3, 1, 36, 123, NULL, 'Hector Arturo Mullisaca Jaen');
INSERT INTO `docente` VALUES (697, '29675013', 'JUAN PRIMITIVO', 'ATENCIO', 'APAZA', '01/12/1992', '1824', 'CESE A SOLICITUD', NULL, NULL, 1, 3, 1, 36, 123, NULL, 'Hector Arturo Mullisaca Jaen');
INSERT INTO `docente` VALUES (698, '01335615', 'ASUNTA', 'AÑACATA', 'QUISPE', '28/02/1995', '284', 'CESE A SOLICITUD', NULL, NULL, 1, 3, 1, 36, 123, NULL, 'Hector Arturo Mullisaca Jaen');
INSERT INTO `docente` VALUES (699, '01203939', 'HUGO', 'APAZA', 'MARCA', '30/06/2008', '0267', 'CESE A SOLICITUD', NULL, NULL, 1, 3, 1, 36, 123, NULL, 'Hector Arturo Mullisaca Jaen');
INSERT INTO `docente` VALUES (700, '01211298', 'JUANA', 'APAZA', 'APAZA DE TALAVERA', '30/06/1992', '0549', 'CESE A SOLICITUD', NULL, NULL, 1, 3, 1, 36, 123, NULL, 'Hector Arturo Mullisaca Jaen');
INSERT INTO `docente` VALUES (701, '01233914', 'HUMBERTO CONSTANTINO', 'ANDRADE', 'ANGULO', '30/11/1983', '1507', 'CESE A SOLICITUD', NULL, NULL, 1, 3, 1, 36, 123, NULL, 'Hector Arturo Mullisaca Jaen');
INSERT INTO `docente` VALUES (702, '01284519', 'SONIA CATALINA', 'ARENAS', 'AVILA', '01/11/1983', '1649', 'CESE A SOLICITUD', NULL, NULL, 1, 3, 1, 36, 123, NULL, 'Hector Arturo Mullisaca Jaen');
INSERT INTO `docente` VALUES (703, '01234124', 'SORIA ISABEL', 'AYLLON', 'GEMIO', '28/12/2007', '0203', 'CESE A SOLICITUD', NULL, NULL, 1, 3, 1, 36, 123, NULL, 'Hector Arturo Mullisaca Jaen');
INSERT INTO `docente` VALUES (704, '01231513', 'JOSE', 'ALEJO', 'MAMANI', '31/03/1991', '0327', 'CESE A SOLICITUD', NULL, NULL, 2, 3, 3, 36, 123, NULL, 'Hector Arturo Mullisaca Jaen');
INSERT INTO `docente` VALUES (705, '01258612', 'ORFELINA RESTITUTO', 'ACHATA', 'ACHATA VDA DE GUEVARA', '01/03/1991', '0241', 'CESE A SOLICITUD', NULL, NULL, 1, 3, 1, 36, 123, NULL, 'Hector Arturo Mullisaca Jaen');
INSERT INTO `docente` VALUES (706, '01284443', 'YOLANDA NATIVIDAD', 'AZA', 'GALLEGOS', '31/03/1987', '0416', 'CESE A SOLICITUD', NULL, NULL, 1, 3, 1, 36, 123, NULL, 'Hector Arturo Mullisaca Jaen');
INSERT INTO `docente` VALUES (707, '01343695', 'LUCIO EVARISTO', 'APAZA', 'FLORES', '31/03/1993', '0461', 'CESE A SOLICITUD', NULL, NULL, 1, 3, 1, 36, 123, NULL, 'Hector Arturo Mullisaca Jaen');
INSERT INTO `docente` VALUES (708, '01249184', 'benita', 'abarca', 'delgado', '01/10/1985', '1115', 'CESE A SOLICITUD', NULL, NULL, 1, 3, 1, 36, 123, NULL, 'Hector Arturo Mullisaca Jaen');
INSERT INTO `docente` VALUES (709, '01248896', 'ROBERTO', 'AYMA', 'HUISA', '30/06/1992', '0644', 'CESE A SOLICITUD', NULL, NULL, 3, 3, 1, 36, 123, NULL, 'Hector Arturo Mullisaca Jaen');
INSERT INTO `docente` VALUES (710, '01205296', 'JUSTA', 'ASENCIO', 'TICONA', '30/09/1995', '2061', 'CESE A SOLICITUD', NULL, NULL, 1, 3, 1, 36, 123, NULL, 'Hector Arturo Mullisaca Jaen');
INSERT INTO `docente` VALUES (711, '01223994', 'DIONISIO', 'AGUILAR', 'AGUILAR', '31/05/1992', '0477', 'CESE A SOLICITUD', NULL, NULL, 1, 3, 1, 36, 123, NULL, 'Hector Arturo Mullisaca Jaen');
INSERT INTO `docente` VALUES (712, '01309897', 'FLORA TORIBIA', 'AZA', 'RUIZ', '31/01/1995', '195', 'CESE A SOLICITUD', NULL, NULL, 1, 3, 1, 36, 123, NULL, 'Hector Arturo Mullisaca Jaen');
INSERT INTO `docente` VALUES (713, '01214692', 'DIONICIO', 'ALENCASTRE', 'VIZCARRA', '15/09/1992', '1280', 'CESE A SOLICITUD', NULL, NULL, 1, 3, 1, 36, 123, NULL, 'Hector Arturo Mullisaca Jaen');
INSERT INTO `docente` VALUES (714, '01216867', 'DELIA JUSTINA', 'AMANQUI', 'MAMANI', '01/09/2002', '8515', 'CESE A SOLICITUD', NULL, NULL, 1, 3, 1, 36, 124, NULL, 'Hector Arturo Mullisaca Jaen');
INSERT INTO `docente` VALUES (715, '01234116', 'ALFONSO', 'ARUQUIPA', 'ASCENCIO', '01/07/1985', '0846', 'CESE A SOLICITUD', NULL, NULL, 1, 3, 1, 36, 124, NULL, 'Hector Arturo Mullisaca Jaen');
INSERT INTO `docente` VALUES (716, '01206540', 'ABAD ELEODORO', 'AQUIZE', 'LUNA', '31/07/1989', '0372', 'CESE A SOLICITUD', NULL, NULL, 1, 3, 1, 36, 124, NULL, 'Hector Arturo Mullisaca Jaen');
INSERT INTO `docente` VALUES (717, '01287683', 'CLAUDIO JACINTO', 'ACERO', 'ROJAS', '30/09/2011', '2049', 'CESE A SOLICITUD', NULL, NULL, 1, 3, 1, 36, 124, NULL, 'Hector Arturo Mullisaca Jaen');
INSERT INTO `docente` VALUES (718, '01205840', 'ARNULFO DIOMEDES', 'AZA', 'RUIZ', '31/12/2007', NULL, 'CESE A SOLICITUD', NULL, NULL, 1, 3, 1, 36, 124, NULL, 'Hector Arturo Mullisaca Jaen');
INSERT INTO `docente` VALUES (719, '01803864', 'ARTEMIO CONSTANTINO', 'ARACA', 'MORALES', '01/07/1985', '0916', 'CESE A SOLICITUD', NULL, NULL, 2, 3, 3, 36, 124, NULL, 'Hector Arturo Mullisaca Jaen');
INSERT INTO `docente` VALUES (720, '01200491', 'ISABEL AURORA', 'APAZA', 'ORDOÑES', '01/08/1991', '0209', 'CESE A SOLICITUD', NULL, NULL, 1, 3, 1, 36, 124, NULL, 'Hector Arturo Mullisaca Jaen');
INSERT INTO `docente` VALUES (721, '01206822', 'CARMEN ROSA', 'ALCON', 'OBLITAS', '30/09/1984', '1171', 'CESE A SOLICITUD', NULL, NULL, 1, 3, 1, 36, 124, NULL, 'Hector Arturo Mullisaca Jaen');
INSERT INTO `docente` VALUES (722, '01214395', 'FORTUNATO', 'ANCO', 'NAVARRO', '01/07/1990', '0389', 'CESE A SOLICITUD', NULL, NULL, 2, 3, 3, 36, 124, NULL, 'Hector Arturo Mullisaca Jaen');
INSERT INTO `docente` VALUES (723, '01208851', 'MANUEL', 'APAZA', 'MAMANI', '31/05/1992', '0439', 'CESE A SOLICITUD', NULL, NULL, 1, 3, 1, 36, 124, NULL, 'Hector Arturo Mullisaca Jaen');
INSERT INTO `docente` VALUES (724, '01231975', 'MARINO', 'AVALOS', 'VELASQUEZ', '30/06/1992', '0714', 'CESE A SOLICITUD', NULL, NULL, 1, 3, 1, 36, 124, NULL, 'Hector Arturo Mullisaca Jaen');
INSERT INTO `docente` VALUES (725, '01201923', 'SIXTO CASTOR', 'ARPASI', 'MACHACA', '31/10/1991', '0408', 'CESE A SOLICITUD', NULL, NULL, 1, 3, 1, 36, 124, NULL, 'Hector Arturo Mullisaca Jaen');
INSERT INTO `docente` VALUES (726, '01816819', 'JAIME STANLEY', 'ARACA', 'QUISPE', '23/10/1991', '1024', 'CESE A SOLICITUD', NULL, NULL, 2, 3, 3, 36, 124, NULL, 'Hector Arturo Mullisaca Jaen');
INSERT INTO `docente` VALUES (727, '01224126', 'DEMETRIO', 'ARUHUANCA', 'ARUHUANCA', '31/01/1987', '0102', 'CESE A SOLICITUD', NULL, NULL, 1, 3, 1, 36, 124, NULL, 'Hector Arturo Mullisaca Jaen');
INSERT INTO `docente` VALUES (728, '01224410', 'eulogio', 'apaza', 'campos', '31/10/95', '2328', 'CESE A SOLICITUD', NULL, NULL, 1, 3, 1, 36, 124, NULL, 'Hector Arturo Mullisaca Jaen');
INSERT INTO `docente` VALUES (729, '01223738', 'raul francisco', 'apaza', 'villalta', '01/10/2001', '6601', 'CESE A SOLICITUD', NULL, NULL, 1, 3, 1, 36, 124, NULL, 'Hector Arturo Mullisaca Jaen');
INSERT INTO `docente` VALUES (730, '01217377', 'vicentina', 'apaza', 'coila', '31/08/98', '5108', 'CESE A SOLICITUD', NULL, NULL, 1, 3, 1, 36, 124, NULL, 'Hector Arturo Mullisaca Jaen');
INSERT INTO `docente` VALUES (731, '01262173', 'Rufino', 'asqui', 'chambi', NULL, NULL, 'CESE A SOLICITUD', NULL, NULL, 1, 3, 1, 36, 124, 'no cuenta con rdr del cese', 'Hector Arturo Mullisaca Jaen');
INSERT INTO `docente` VALUES (732, '01206185', 'sabina', 'apaza', 'coila', '26/02/2010', '0531', 'CESE A SOLICITUD', NULL, NULL, 1, 3, 1, 36, 124, NULL, 'Hector Arturo Mullisaca Jaen');
INSERT INTO `docente` VALUES (733, '01223565', 'maximiana', 'aquise', 'valencia', '31/03/1995', '671', 'CESE A SOLICITUD', NULL, NULL, 1, 3, 1, 36, 124, NULL, 'Hector Arturo Mullisaca Jaen');
INSERT INTO `docente` VALUES (734, '01218982', 'maría antonieta', 'Arriaga', 'arce', NULL, NULL, 'CESE A SOLICITUD', NULL, NULL, 1, 3, 1, 36, 123, 'no cuenta con rdr de cese', 'Hector Arturo Mullisaca Jaen');
INSERT INTO `docente` VALUES (735, '01210754', 'ROSA', 'BUSTINZA', 'VILLAGRA', '31/08/1991', '0544', 'CESE A SOLICITUD', NULL, NULL, 1, 3, 1, 36, 128, NULL, 'Hector Arturo Mullisaca Jaen');
INSERT INTO `docente` VALUES (736, '01204154', 'ELENA', 'BUSTINZA', 'ACROTA', '31/05/1996', '2017', 'CESE A SOLICITUD', NULL, NULL, 1, 3, 1, 36, 128, NULL, 'Hector Arturo Mullisaca Jaen');
INSERT INTO `docente` VALUES (737, '01227661', 'ADOLFO EMILIO', 'BENAVIDES', 'GOMEZ', NULL, NULL, 'CESE A SOLICITUD', NULL, NULL, 1, 3, 1, 36, 128, 'NO CUENTA RDR DE CESE', 'Hector Arturo Mullisaca Jaen');
INSERT INTO `docente` VALUES (738, '01224728', 'MAURA POMPEYA', 'BERROSPI', 'BARRIGA', '01/03/2005', '0779', 'CESE A SOLICITUD', NULL, NULL, 1, 3, 1, 36, 128, NULL, 'Hector Arturo Mullisaca Jaen');
INSERT INTO `docente` VALUES (739, '01229071', 'MARIA ANGELA ELVIRA', 'BEJARANO', 'BELTRAN', '30/06/1997', '2988', 'CESE A SOLICITUD', NULL, NULL, 1, 3, 1, 36, 128, NULL, 'Hector Arturo Mullisaca Jaen');
INSERT INTO `docente` VALUES (740, '01286026', 'GRAZIELA', 'BOGGERO', 'CHAVEZ', '01/10/1990', '0755', 'CESE A SOLICITUD', NULL, NULL, 1, 3, 1, 36, 128, NULL, 'Hector Arturo Mullisaca Jaen');
INSERT INTO `docente` VALUES (741, '01281864', 'JUSTA MARY', 'BEDOYA', 'AZA', '31/10/1991', '0383', 'CESE A SOLICITUD', NULL, NULL, 1, 3, 1, 36, 128, NULL, 'Hector Arturo Mullisaca Jaen');
INSERT INTO `docente` VALUES (742, '01231852', 'NELLY', 'BUTRON', 'CASTILLO', '31/12/1995', '3076', 'CESE A SOLICITUD', NULL, NULL, 1, 3, 1, 36, 128, NULL, 'Hector Arturo Mullisaca Jaen');
INSERT INTO `docente` VALUES (743, '01264033', 'FILOMENA ANTONIETA', 'BIAMONT', 'SOTOMAYOR', NULL, NULL, 'CESE A SOLICITUD', NULL, NULL, 1, 3, 1, 36, 128, 'NO CUENTA CON RDR DE CESE', 'Hector Arturo Mullisaca Jaen');
INSERT INTO `docente` VALUES (744, '01226638', 'norca', 'bermejo', 'de valdivia', '01/09/1990', '0546', 'CESE A SOLICITUD', NULL, NULL, 1, 3, 1, 36, 128, NULL, 'Hector Arturo Mullisaca Jaen');
INSERT INTO `docente` VALUES (745, '01206529', 'Olga rebeca', 'beltran', 'ayestas', '30/09/1994', '1442', 'CESE A SOLICITUD', NULL, NULL, 1, 3, 1, 36, 128, NULL, 'Hector Arturo Mullisaca Jaen');
INSERT INTO `docente` VALUES (746, '01206307', 'teofilo', 'barriga', 'serruto', NULL, NULL, 'CESE A SOLICITUD', NULL, NULL, 1, 3, 1, 36, 128, 'no cuenta con rdr de cese', 'Hector Arturo Mullisaca Jaen');
INSERT INTO `docente` VALUES (747, '01204482', 'AMELIA CATALINA', 'bustinza', 'ACHATA', '31/10/1991', '0372', 'CESE A SOLICITUD', NULL, NULL, 1, 3, 1, 36, 128, NULL, 'Hector Arturo Mullisaca Jaen');
INSERT INTO `docente` VALUES (748, '01215346', 'JUAN AGRIPINO', 'BONIFAS', 'VENEGAS', '31/08/1983', '1187', 'CESE A SOLICITUD', NULL, NULL, 1, 3, 1, 36, 128, NULL, 'Hector Arturo Mullisaca Jaen');
INSERT INTO `docente` VALUES (749, '01204480', 'escolastico', 'bautista', 'flores', '01/04/2003', '1573', 'CESE A SOLICITUD', NULL, NULL, 1, 3, 1, 36, 128, NULL, 'Hector Arturo Mullisaca Jaen');
INSERT INTO `docente` VALUES (750, '01204568', 'mauricio', 'bonifaz', 'venegas', '01/06/1992', '0468', 'CESE A SOLICITUD', NULL, NULL, 1, 3, 1, 36, 128, NULL, 'Hector Arturo Mullisaca Jaen');
INSERT INTO `docente` VALUES (751, '01230632', 'elba aydee', 'barrientos', 'morales', '31/03/1993', '0388', 'CESE A SOLICITUD', NULL, NULL, 1, 3, 1, 36, 128, NULL, 'Hector Arturo Mullisaca Jaen');
INSERT INTO `docente` VALUES (752, '01234763', 'Emilia maria', 'banegas', 'cariapaza', '30/09/1991', '0215', 'CESE A SOLICITUD', NULL, NULL, 1, 3, 1, 36, 128, NULL, 'Hector Arturo Mullisaca Jaen');
INSERT INTO `docente` VALUES (753, '01279834', 'alberto', 'bailon', 'bailon', '30/06/1994', '1046', 'CESE A SOLICITUD', NULL, NULL, 1, 3, 1, 36, 128, NULL, 'Hector Arturo Mullisaca Jaen');
INSERT INTO `docente` VALUES (754, '29677567', 'GRACIELA ESTELA', 'BARRIENTOS', 'MORALES', '30/11/1983', '1787', 'CESE A SOLICITUD', NULL, NULL, 1, 3, 1, 36, 128, NULL, 'Hector Arturo Mullisaca Jaen');
INSERT INTO `docente` VALUES (755, '01205544', 'ELADIO IGNACIO', 'BARRIGA', 'RODRIGUEZ', '31/10/1992', '1623', 'CESE A SOLICITUD', NULL, NULL, 1, 3, 1, 36, 128, NULL, 'Hector Arturo Mullisaca Jaen');
INSERT INTO `docente` VALUES (756, '01204018', 'ENRIQUE', 'BRAVO', 'MAMANI', NULL, NULL, 'CESE A SOLICITUD', NULL, NULL, 1, 3, 1, 36, 138, 'NO CUENTA CON RDR DE CESE', 'Hector Arturo Mullisaca Jaen');
INSERT INTO `docente` VALUES (757, '01282439', 'AURELIO MARTIN', 'BARRIONUEVO', 'MAMANI', '30/09/1998', '5895', 'CESE A SOLICITUD', NULL, NULL, 1, 3, 1, 36, 138, NULL, 'Hector Arturo Mullisaca Jaen');
INSERT INTO `docente` VALUES (758, '01230916', 'PASCUALA', 'BARRIENTOS', 'AJAHUANA', '31/05/1995', '1200', 'CESE A SOLICITUD', NULL, NULL, 1, 3, 1, 36, 138, NULL, 'Hector Arturo Mullisaca Jaen');
INSERT INTO `docente` VALUES (759, '01214349', 'MARIA ELENA', 'BARRIGA', 'LOZA', '30/03/1987', '0220', 'CESE A SOLICITUD', NULL, NULL, 1, 3, 1, 36, 138, NULL, 'Hector Arturo Mullisaca Jaen');
INSERT INTO `docente` VALUES (760, '01213673', 'HERMELINDA', 'BENITEZ', 'MALAGA DE OLAVE', '30/09/1991', '0289', 'CESE A SOLICITUD', NULL, NULL, 1, 3, 1, 36, 138, NULL, 'Hector Arturo Mullisaca Jaen');
INSERT INTO `docente` VALUES (761, '01205469', 'EDGAR', 'BLANCO', 'ACHATA', '01/04/2003', '2165', 'CESE A SOLICITUD', NULL, NULL, 1, 3, 1, 36, 138, NULL, 'Hector Arturo Mullisaca Jaen');
INSERT INTO `docente` VALUES (762, '01230242', 'ROSA GAVI', 'BENAVENTE', 'ZAGA', '15/05/1994', '1905', 'CESE A SOLICITUD', NULL, NULL, 1, 3, 1, 36, 138, NULL, 'Hector Arturo Mullisaca Jaen');
INSERT INTO `docente` VALUES (763, '01206549', 'LICELI AURISTELA', 'BEDOYA', 'CATACORA', NULL, NULL, 'CESE A SOLICITUD', NULL, NULL, 1, 3, 1, 36, 138, 'NO CUENTA CON RDR DE CESE', 'Hector Arturo Mullisaca Jaen');
INSERT INTO `docente` VALUES (764, '01227461', 'victoria elena', 'bailon', 'chura de zanabria', '31/03/1993', '0335', 'CESE A SOLICITUD', NULL, NULL, 1, 3, 1, 36, 138, NULL, 'Hector Arturo Mullisaca Jaen');
INSERT INTO `docente` VALUES (765, '01231991', 'JULIA', 'BAILON', 'MAMANI', '31/05/1992', '0397', 'CESE A SOLICITUD', NULL, NULL, 1, 3, 1, 36, 138, NULL, 'Hector Arturo Mullisaca Jaen');
INSERT INTO `docente` VALUES (766, '01225444', 'JACOBA', 'BLANCO', 'LOZA', '29/02/1988', '0111', 'CESE A SOLICITUD', NULL, NULL, 1, 3, 1, 36, 138, NULL, 'Hector Arturo Mullisaca Jaen');
INSERT INTO `docente` VALUES (767, '01212712', 'JOSE LUIS', 'BEDOYA', 'CATACORA', NULL, NULL, 'CESE A SOLICITUD', NULL, NULL, 1, 3, 1, 36, 138, 'NO CUENTA CON RDR DE CESE', 'Hector Arturo Mullisaca Jaen');
INSERT INTO `docente` VALUES (768, '01205016', 'JACINTA', 'BARRETO', 'BARRETO', '01/03/2007', '0159', 'CESE A SOLICITUD', NULL, NULL, 1, 3, 1, 36, 138, NULL, 'Hector Arturo Mullisaca Jaen');
INSERT INTO `docente` VALUES (769, '01207616', 'JOSE SALVADOR', 'BENITO', 'CHURATA', NULL, NULL, 'CESE A SOLICITUD', NULL, NULL, 1, 3, 1, 36, 138, 'NO CUENTA CON RDR DE CESE', 'Hector Arturo Mullisaca Jaen');
INSERT INTO `docente` VALUES (770, '01223437', 'RUBEN HIPOLITO', 'BORDA', 'ARANA', NULL, NULL, 'CESE A SOLICITUD', NULL, NULL, 1, 3, 1, 36, 138, 'NO CUENTA CON RDR DE CESE', 'Hector Arturo Mullisaca Jaen');
INSERT INTO `docente` VALUES (771, '01285056', 'AGRIPINA BENANCIA', 'BALCONA', 'CRUZ', NULL, NULL, 'CESE A SOLICITUD', NULL, NULL, 1, 3, 1, 36, 138, 'NO CUENTA CON RDR DE CESE', 'Hector Arturo Mullisaca Jaen');
INSERT INTO `docente` VALUES (772, '01270079', 'JOSE PEDRO', 'BELTRAN', 'CARPIO', NULL, NULL, 'CESE A SOLICITUD', NULL, NULL, 1, 3, 1, 36, 138, 'NO CUENTA CON RDR DE CESE', 'Hector Arturo Mullisaca Jaen');
INSERT INTO `docente` VALUES (773, '01211795', 'ISMAEL', 'BLANCO', 'DURAND', '31/10/1996', '4383', 'CESE A SOLICITUD', NULL, NULL, 1, 3, 1, 36, 138, NULL, 'Hector Arturo Mullisaca Jaen');
INSERT INTO `docente` VALUES (774, '02144811', 'HUGO EFRAIN', 'BELON', 'GUTIERREZ', '03/05/2002', '2120', 'CESE A SOLICITUD', NULL, NULL, 1, 3, 1, 36, 138, NULL, 'Hector Arturo Mullisaca Jaen');
INSERT INTO `docente` VALUES (775, '29689517', 'ZELMIRA JULIA', 'BEJAR', 'MIRANDA', '31/03/1987', '0417', 'CESE A SOLICITUD', NULL, NULL, 1, 3, 1, 36, 138, NULL, 'Hector Arturo Mullisaca Jaen');
INSERT INTO `docente` VALUES (776, '01202365', 'FAUSTINO', 'BORDA', 'PAREDES', '30/04/1995', '1047', 'CESE A SOLICITUD', NULL, NULL, 1, 3, 1, 36, 138, NULL, 'Hector Arturo Mullisaca Jaen');
INSERT INTO `docente` VALUES (777, '01230545', 'GERARDO ELMER', 'CASAPIA', 'OCHOA', '03/03/2003', '1577', 'CESE A SOLICITUD', NULL, NULL, 1, 3, 1, 36, 146, NULL, 'Hector Arturo Mullisaca Jaen');
INSERT INTO `docente` VALUES (778, '01836158', 'NORMA DOLORES', 'CALISAYA', 'CUTIMBO', NULL, NULL, 'CESE A SOLICITUD', NULL, NULL, 1, 3, 1, 36, 146, 'NO CUENTA CON RDR DE CESE', 'Hector Arturo Mullisaca Jaen');
INSERT INTO `docente` VALUES (779, '01223389', 'RUTH CARMELA', 'CALDERON', 'JUAREZ', NULL, NULL, 'CESE A SOLICITUD', NULL, NULL, 1, 3, 1, 36, 146, 'NO CUENTA CON RDR DE CESE', 'Hector Arturo Mullisaca Jaen');
INSERT INTO `docente` VALUES (780, '43667860', 'ADRIANA MARIA FRANCISCA EVANGELINA', 'CACERES OLAZO', 'MONROY DE SOMDAY', '16/04/1969', '495', 'CESE A SOLICITUD', NULL, NULL, 1, 3, 1, 36, 146, NULL, 'Hector Arturo Mullisaca Jaen');
INSERT INTO `docente` VALUES (781, '01288846', 'CELIA AGRIPINA', 'CARI', 'PINTO', '02/05/1999', '3135', 'CESE A SOLICITUD', NULL, NULL, 1, 3, 1, 36, 146, NULL, 'Hector Arturo Mullisaca Jaen');
INSERT INTO `docente` VALUES (782, '01206800', 'MARIA HERMELINDA', 'CATACORA', 'VINDAGOS', NULL, NULL, 'CESE A SOLICITUD', NULL, NULL, 1, 3, 1, 36, 146, 'NO CUENTA CON RDR DE CESE', 'Hector Arturo Mullisaca Jaen');
INSERT INTO `docente` VALUES (783, '01210749', 'ESTEHER', 'CALIZAYA', 'MALDONADO', '01/03/2007', '0140', 'CESE A SOLICITUD', NULL, NULL, 1, 3, 1, 36, 146, NULL, 'Hector Arturo Mullisaca Jaen');
INSERT INTO `docente` VALUES (784, '01321322', 'NINFA VICTORIA', 'CARDENAS', 'MAYTA', '31/05/1996', '1991', 'CESE A SOLICITUD', NULL, NULL, 1, 3, 1, 36, 146, NULL, 'Hector Arturo Mullisaca Jaen');
INSERT INTO `docente` VALUES (785, '01226120', 'FELIX', 'CASTILLO', 'CHAIÑA', '30/08/2000', '3934', 'CESE A SOLICITUD', NULL, NULL, 1, 3, 1, 36, 146, NULL, 'Hector Arturo Mullisaca Jaen');
INSERT INTO `docente` VALUES (786, '01234701', 'martha luisa', 'calcin', 'aparicio', '24/02/1999', '1815', 'CESE A SOLICITUD', NULL, NULL, 3, 3, 3, 36, 146, NULL, 'Hector Arturo Mullisaca Jaen');
INSERT INTO `docente` VALUES (787, '01215589', 'cesar', 'calisaya', 'paxi', '15/06/1999', '4536', 'CESE A SOLICITUD', NULL, NULL, 1, 3, 1, 36, 146, NULL, 'Hector Arturo Mullisaca Jaen');
INSERT INTO `docente` VALUES (788, '01214263', 'Olga mercedes', 'canlla', 'Ponce de leon', '01/06/1989', '0133', 'CESE A SOLICITUD', NULL, NULL, 1, 3, 1, 36, 146, NULL, 'Hector Arturo Mullisaca Jaen');
INSERT INTO `docente` VALUES (789, '01203847', 'felicitas eudocia', 'carreon', 'panca', '31/07/1993', '1183', 'CESE A SOLICITUD', NULL, NULL, 1, 3, 1, 36, 146, NULL, 'Hector Arturo Mullisaca Jaen');
INSERT INTO `docente` VALUES (790, '01201351', 'Evangelina beatriz', 'caceres', 'gomez', '31/03/1998', '1338', 'CESE A SOLICITUD', NULL, NULL, 1, 3, 1, 36, 146, NULL, 'Hector Arturo Mullisaca Jaen');
INSERT INTO `docente` VALUES (791, '01210519', 'CELIA DOLORES', 'CAMACHO', 'YUFRA', '20/08/2002', '6620', 'CESE A SOLICITUD', NULL, NULL, 1, 3, 1, 36, 146, NULL, 'Hector Arturo Mullisaca Jaen');
INSERT INTO `docente` VALUES (792, '01200078', 'BLANCA EMPERATRIZ LOURDES', 'CARRASCO', 'PEREA', '19/03/99', '1734', 'CESE A SOLICITUD', NULL, NULL, 1, 3, 1, 36, 146, NULL, 'Hector Arturo Mullisaca Jaen');
INSERT INTO `docente` VALUES (793, '01229195', 'ROSA', 'CATACORA', 'CHOQUE', '01/05/2001', '1647', 'CESE A SOLICITUD', NULL, NULL, 1, 3, 1, 36, 146, NULL, 'Hector Arturo Mullisaca Jaen');
INSERT INTO `docente` VALUES (795, '01214122', 'LUIS ADOLFO', 'CURASI', 'PALOMINO', '31/05/1993', '0613', 'CESE A SOLICITUD', NULL, NULL, 1, 3, 1, 36, 147, NULL, 'Hector Arturo Mullisaca Jaen');
INSERT INTO `docente` VALUES (796, '01287360', 'CLOTILDE', 'CALIZAYA', 'PAXI', '31/05/1995', '1201', 'CESE A SOLICITUD', NULL, NULL, 1, 3, 1, 36, 147, NULL, 'Hector Arturo Mullisaca Jaen');
INSERT INTO `docente` VALUES (797, '01231290', 'ENRIQUE', 'CALLE', 'QUISPE', '06/03/1991', '354', 'CESE A SOLICITUD', NULL, NULL, 2, 3, 3, 36, 147, NULL, 'Hector Arturo Mullisaca Jaen');
INSERT INTO `docente` VALUES (798, '01237972', 'MARIANO', 'CUTIPA', 'CCAMA', '30/06/1995', '1284', 'CESE A SOLICITUD', NULL, NULL, 1, 3, 1, 36, 147, NULL, 'Hector Arturo Mullisaca Jaen');
INSERT INTO `docente` VALUES (799, '01214107', 'MAXIMILIANA', 'CUTIPA', 'QUISPE', '31/07/1989', '0388', 'CESE A SOLICITUD', NULL, NULL, 1, 3, 1, 36, 147, NULL, 'Hector Arturo Mullisaca Jaen');
INSERT INTO `docente` VALUES (800, '01341836', 'ANSELMO VIDAL', 'CARPIO', 'SALAS', '31/11/1980', '1016', 'CESE A SOLICITUD', NULL, NULL, 1, 3, 1, 36, 147, NULL, 'Hector Arturo Mullisaca Jaen');
INSERT INTO `docente` VALUES (801, '01232638', 'OFELIA FILIBERTA', 'CASTILLO', 'CACERES', '31/05/1997', '1556', 'CESE A SOLICITUD', NULL, NULL, 1, 3, 1, 36, 147, NULL, 'Hector Arturo Mullisaca Jaen');
INSERT INTO `docente` VALUES (802, '01231336', 'NATIVIDAD', 'CATACORA', 'GONZALES', '01/08/1990', '0503', 'CESE A SOLICITUD', NULL, NULL, 1, 3, 1, 36, 147, NULL, 'Hector Arturo Mullisaca Jaen');
INSERT INTO `docente` VALUES (803, '01250905', 'VICTOR', 'CURO', 'MAMANI', '30/09/2008', '1735', 'CESE A SOLICITUD', NULL, NULL, 1, 3, 1, 36, 147, NULL, 'Hector Arturo Mullisaca Jaen');
INSERT INTO `docente` VALUES (804, '01206029', 'CRISTIN', 'CUTIPA', 'QUISPE', '01/03/1946', '1571', 'CESE A SOLICITUD', NULL, NULL, 1, 3, 1, 36, 147, NULL, 'Hector Arturo Mullisaca Jaen');
INSERT INTO `docente` VALUES (805, '01225026', 'ADELINA SABINA', 'CUENTAS', 'CONDORENA', '04/06/1999', '3794', 'CESE A SOLICITUD', NULL, NULL, 1, 3, 1, 36, 147, NULL, 'Hector Arturo Mullisaca Jaen');
INSERT INTO `docente` VALUES (806, '01201165', 'BARBARA CRISOLOGA', 'CURO', 'YUCRA', '01/03/2005', '0490', 'CESE A SOLICITUD', NULL, NULL, 1, 3, 1, 36, 147, NULL, 'Hector Arturo Mullisaca Jaen');
INSERT INTO `docente` VALUES (807, '01245519', 'ZENOVIO EMILIO', 'CONDORI', 'MENDOZA', '01/09/1999', '6518', 'CESE A SOLICITUD', NULL, NULL, 1, 3, 1, 36, 147, NULL, 'Hector Arturo Mullisaca Jaen');
INSERT INTO `docente` VALUES (808, '01223221', 'PEDRO ADALBERTO', 'CABRERA', 'CHAMBILLA', NULL, NULL, 'CESE A SOLICITUD', NULL, NULL, 1, 3, 1, 36, 147, 'NO CUENTA CON RDR DE CESE', 'Hector Arturo Mullisaca Jaen');
INSERT INTO `docente` VALUES (809, '01205173', 'MARIA TERESA', 'CATACORA', 'VIDANGOS', '30/04/1994', '632', 'CESE A SOLICITUD', NULL, NULL, 1, 3, 1, 36, 147, NULL, 'Hector Arturo Mullisaca Jaen');
INSERT INTO `docente` VALUES (810, '01288402', 'casilda', 'cano', 'diaz', '31/05/1992', '0474', 'CESE A SOLICITUD', NULL, NULL, 1, 3, 1, 36, 147, NULL, 'Hector Arturo Mullisaca Jaen');
INSERT INTO `docente` VALUES (811, '01204511', 'victoria concepcion', 'catacora', 'martinez', '01/07/1991', '0417', 'CESE A SOLICITUD', NULL, NULL, 1, 3, 1, 36, 147, NULL, 'Hector Arturo Mullisaca Jaen');
INSERT INTO `docente` VALUES (812, '01288062', 'DIONISIO', 'CUTIPA', 'ARIAS', '31/10/1990', '1104', 'CESE A SOLICITUD', NULL, NULL, 1, 3, 1, 36, 147, NULL, 'Hector Arturo Mullisaca Jaen');
INSERT INTO `docente` VALUES (813, '02159724', 'MARIA TEODOCIA', 'CUBA', 'ARESTEGUI DE RAMOS', NULL, NULL, 'CESE A SOLICITUD', NULL, NULL, 1, 3, 1, 36, 147, 'NO CUENTA CON RDR DE CESE', 'Hector Arturo Mullisaca Jaen');
INSERT INTO `docente` VALUES (814, '01235543', 'DORIS', 'CUENTAS', 'ENRIQUEZ', '01/04/1985', '0229', 'CESE A SOLICITUD', NULL, NULL, 2, 3, 3, 36, 147, NULL, 'Hector Arturo Mullisaca Jaen');
INSERT INTO `docente` VALUES (815, '01200756', 'ANDRES', 'CUELLAR', 'CONDORI', '31/07/1993', '1071', 'CESE A SOLICITUD', NULL, NULL, 1, 3, 1, 36, 147, NULL, 'Hector Arturo Mullisaca Jaen');
INSERT INTO `docente` VALUES (816, '01216482', 'SATURNINO GRIMALDO', 'CARDENAS', 'NIETO', '27/05/1991', '0146', 'CESE A SOLICITUD', NULL, NULL, 2, 3, 3, 36, 147, NULL, 'Hector Arturo Mullisaca Jaen');
INSERT INTO `docente` VALUES (817, '01235558', 'MARIA CRISTINA', 'CURASI', 'PALOMINO', '30/10/1998', '6301', 'CESE A SOLICITUD', NULL, NULL, 1, 3, 1, 36, 147, 'FUENTE DATOS: RDR-0462\r\nNO CUENTA CON RDR DE CESE', 'Hector Arturo Mullisaca Jaen');
INSERT INTO `docente` VALUES (818, '01200757', 'JULIA IRENE', 'CONDORI', 'CHAÑI', '01/04/2002', '2259', 'CESE A SOLICITUD', NULL, NULL, 1, 3, 1, 36, 147, NULL, 'Hector Arturo Mullisaca Jaen');
INSERT INTO `docente` VALUES (819, '01486484', 'FIDEL MELITON', 'CACERES', 'RIOS', NULL, NULL, 'CESE A SOLICITUD', NULL, NULL, 1, 3, 1, 36, 147, 'NO CUENTA CON RDR DE CESE', 'Hector Arturo Mullisaca Jaen');
INSERT INTO `docente` VALUES (820, '01231093', 'ELISA', 'CACHICATARI', 'LOZA DE DAVILA', '30/04/1997', '1406', 'CESE A SOLICITUD', NULL, NULL, 1, 3, 1, 36, 147, NULL, 'Hector Arturo Mullisaca Jaen');
INSERT INTO `docente` VALUES (821, '01226913', 'IRENE', 'CACERES', 'HUANACUNI', NULL, NULL, 'CESE A SOLICITUD', NULL, NULL, 1, 3, 1, 36, 147, 'NO CUENTA CON RDR DE CESE', 'Hector Arturo Mullisaca Jaen');
INSERT INTO `docente` VALUES (822, '01223763', 'MARIA LUISA', 'CALDERON', 'AGUILAR', NULL, NULL, 'CESE A SOLICITUD', NULL, NULL, 1, 3, 1, 36, 147, 'NO CUENTA CON RDR DE CESE', 'Hector Arturo Mullisaca Jaen');
INSERT INTO `docente` VALUES (823, '01208124', 'ELIZENDA VENECIA', 'CASTRO', 'CALDERON', '16/02/2002', '517', 'CESE A SOLICITUD', NULL, NULL, 1, 3, 1, 36, 147, NULL, 'Hector Arturo Mullisaca Jaen');
INSERT INTO `docente` VALUES (824, '01286473', 'ESTHER EDITH', 'CONDORI', 'NINA', '02/05/2002', '2098', 'CESE A SOLICITUD', NULL, NULL, 1, 3, 1, 36, 147, NULL, 'Hector Arturo Mullisaca Jaen');
INSERT INTO `docente` VALUES (825, '01286103', 'victoria marcia', 'cuentas', 'de blanco', NULL, NULL, 'CESE A SOLICITUD', NULL, NULL, 1, 3, 1, 36, 147, 'no cuenta con rdr de cese', 'Hector Arturo Mullisaca Jaen');
INSERT INTO `docente` VALUES (826, '01212141', 'german', 'camacho', 'camacho', '15/09/1996', '3191', 'CESE A SOLICITUD', NULL, NULL, 1, 3, 1, 36, 147, NULL, 'Hector Arturo Mullisaca Jaen');
INSERT INTO `docente` VALUES (827, '01844848', 'máximo epifanio', 'caceres', 'HUANACUNI', NULL, '5757', 'CESE A SOLICITUD', NULL, NULL, 1, 3, 1, 36, 147, 'fuente rdr de cese: tapa de legajo\r\nno cuenta con rdr de cese', 'Hector Arturo Mullisaca Jaen');
INSERT INTO `docente` VALUES (828, '01213160', 'FIDELA', 'CRUZ', 'TICONA', '30/05/2003', '4153', 'CESE A SOLICITUD', NULL, NULL, 1, 3, 1, 36, 148, NULL, 'Hector Arturo Mullisaca Jaen');
INSERT INTO `docente` VALUES (829, '01315466', 'ERNESTO', 'CARRASCO', 'FIGUEROA', '15/04/1996', '1785', 'CESE A SOLICITUD', NULL, NULL, 1, 3, 1, 36, 148, NULL, 'Hector Arturo Mullisaca Jaen');
INSERT INTO `docente` VALUES (830, '01229015', 'LETICIA SEGUNDA', 'CATACORA', 'BERMEJO', '30/11/1991', '0792', 'CESE A SOLICITUD', NULL, NULL, 1, 3, 1, 36, 148, NULL, 'Hector Arturo Mullisaca Jaen');
INSERT INTO `docente` VALUES (831, '01227984', 'DORA AGUEDA', 'CATACORA', 'PONCE', '30/09/1984', '1175', 'CESE A SOLICITUD', NULL, NULL, 1, 3, 1, 36, 148, NULL, 'Hector Arturo Mullisaca Jaen');
INSERT INTO `docente` VALUES (832, '01202664', 'ATANASIO', 'COILA', 'TURPO', '31/12/1996', '423', 'CESE A SOLICITUD', NULL, NULL, 1, 3, 1, 36, 148, NULL, 'Hector Arturo Mullisaca Jaen');
INSERT INTO `docente` VALUES (833, '01210399', 'ESTHER', 'CRUZ', 'TELLO VDA DE FARFAN', '31/03/1991', '0340', 'CESE A SOLICITUD', NULL, NULL, 2, 3, 3, 36, 148, NULL, 'Hector Arturo Mullisaca Jaen');
INSERT INTO `docente` VALUES (834, '01284655', 'BETZA CELINA', 'CACERES', 'DE GALVEZ', '31/05/1994', '0701', 'CESE A SOLICITUD', NULL, NULL, 1, 3, 1, 36, 148, NULL, 'Hector Arturo Mullisaca Jaen');
INSERT INTO `docente` VALUES (835, '01249043', 'ESTEBAN', 'CRUZ', 'QUISPE', '31/03/1993', '0520', 'CESE A SOLICITUD', NULL, NULL, 1, 3, 1, 36, 148, NULL, 'Hector Arturo Mullisaca Jaen');
INSERT INTO `docente` VALUES (836, '01216314', 'ASUNCION', 'CAPARACHIN', 'CAMPOS', '31/03/1987', '0352', 'CESE A SOLICITUD', NULL, NULL, 1, 3, 1, 36, 148, NULL, 'Hector Arturo Mullisaca Jaen');
INSERT INTO `docente` VALUES (837, '01227870', 'GUALBERTO', 'CALUMANI', 'VENEGAS', '31/03/2004', '1449', 'CESE A SOLICITUD', NULL, NULL, 1, 3, 1, 36, 148, NULL, 'Hector Arturo Mullisaca Jaen');
INSERT INTO `docente` VALUES (838, '01231956', 'JUANA BARBARA', 'CARCAUSTO', 'CONSTANCIO DE MONTESINOS', '31/03/1993', '0334', 'CESE A SOLICITUD', NULL, NULL, 1, 3, 1, 36, 148, NULL, 'Hector Arturo Mullisaca Jaen');
INSERT INTO `docente` VALUES (839, '01209787', 'FLORENTINO', 'CAHUATA', 'OBLITAS', '31/07/1992', '0837', 'CESE A SOLICITUD', NULL, NULL, 1, 3, 1, 36, 148, NULL, 'Hector Arturo Mullisaca Jaen');
INSERT INTO `docente` VALUES (840, '01217299', 'RUBEN GREGORIO', 'CENTENO', 'ROJAS', '31/01/1997', '468', 'CESE A SOLICITUD', NULL, NULL, 1, 3, 1, 36, 148, NULL, 'Hector Arturo Mullisaca Jaen');
INSERT INTO `docente` VALUES (841, '01226641', 'JUAN', 'CENTELLAS', 'CATACORA', '31/05/1996', '2011', 'CESE A SOLICITUD', NULL, NULL, 1, 3, 1, 36, 148, NULL, 'Hector Arturo Mullisaca Jaen');
INSERT INTO `docente` VALUES (842, '01212763', 'ELVIRA', 'CASAS', 'ARROYO', '31/01/1996', '1794', 'CESE A SOLICITUD', NULL, NULL, 1, 3, 1, 36, 148, NULL, 'Hector Arturo Mullisaca Jaen');
INSERT INTO `docente` VALUES (843, '01200071', 'PETRONILA AGLAY', 'CATACORA', 'CHAVEZ', '31/03/1995', '669', 'CESE A SOLICITUD', NULL, NULL, 1, 3, 1, 36, 148, NULL, 'Hector Arturo Mullisaca Jaen');
INSERT INTO `docente` VALUES (844, '29212491', 'HILDA', 'CARDENAS', 'GUTIERREZ', '31/03/1987', '0418', 'CESE A SOLICITUD', NULL, NULL, 1, 3, 1, 36, 148, NULL, 'Hector Arturo Mullisaca Jaen');
INSERT INTO `docente` VALUES (845, '01232757', 'JOSEFINA AGLAE', 'CATACORA', 'PINAZO', '31/03/1996', '998', 'CESE A SOLICITUD', NULL, NULL, 1, 3, 1, 36, 148, NULL, 'Hector Arturo Mullisaca Jaen');
INSERT INTO `docente` VALUES (846, '01226503', 'RUTH ISABEL SOCORRO', 'CACERES', 'MARTINEZ DE AQUICE', '31/08/1991', '0545', 'CESE A SOLICITUD', NULL, NULL, 1, 3, 1, 36, 148, NULL, 'Hector Arturo Mullisaca Jaen');
INSERT INTO `docente` VALUES (847, '01218987', 'DOROTEA', 'CATACORA', 'GONSALEZ', '31/05/1994', '0732', 'CESE A SOLICITUD', NULL, NULL, 1, 3, 1, 36, 148, NULL, 'Hector Arturo Mullisaca Jaen');
INSERT INTO `docente` VALUES (848, '01233699', 'LUIS BELTRAN', 'CALSIN', 'GALLEGOS', '28/12/2007', '0035', 'CESE A SOLICITUD', NULL, NULL, 1, 3, 1, 36, 148, NULL, 'Hector Arturo Mullisaca Jaen');
INSERT INTO `docente` VALUES (849, '01228296', 'RUFINA', 'CRUZ', 'TICONA', '30/08/1996', '4373', 'CESE A SOLICITUD', NULL, NULL, 1, 3, 1, 36, 148, NULL, 'Hector Arturo Mullisaca Jaen');
INSERT INTO `docente` VALUES (850, '01232232', 'ELVA JACINTA', 'COTRADO', 'MAQUERA', '31/03/1996', '856', 'CESE A SOLICITUD', NULL, NULL, 1, 3, 1, 36, 148, NULL, 'Hector Arturo Mullisaca Jaen');
INSERT INTO `docente` VALUES (851, '01231924', 'MENA ELCY', 'CARREON', 'PANCA', '17/07/1999', '5255', 'CESE A SOLICITUD', NULL, NULL, 1, 3, 1, 36, 148, NULL, 'Hector Arturo Mullisaca Jaen');
INSERT INTO `docente` VALUES (852, '01210083', 'SANTOS', 'CATACORA', 'CATACORA', '30/12/1986', '2295', 'CESE A SOLICITUD', NULL, NULL, 1, 3, 1, 36, 148, NULL, 'Hector Arturo Mullisaca Jaen');
INSERT INTO `docente` VALUES (853, '01231268', 'SONIA ELIZABETH', 'CASTILLO', 'BUSTINZA', '31/07/1992', '0932', 'CESE A SOLICITUD', NULL, NULL, 1, 3, 1, 36, 148, NULL, 'Hector Arturo Mullisaca Jaen');
INSERT INTO `docente` VALUES (854, '01230749', 'MAURA LIDIA', 'CRUZ', 'QUISPE', '31/08/1992', '1268', 'CESE A SOLICITUD', NULL, NULL, 1, 3, 1, 36, 148, NULL, 'Hector Arturo Mullisaca Jaen');
INSERT INTO `docente` VALUES (855, '01284694', 'GENARO', 'CASTRO', 'SALAS', '15/08/2002', '5293', 'CESE A SOLICITUD', NULL, NULL, 1, 3, 1, 36, 148, NULL, 'Hector Arturo Mullisaca Jaen');
INSERT INTO `docente` VALUES (856, '01203348', 'NICANOR', 'CALLA', 'PACHAURI', '30/06/1991', '0335', 'CESE A SOLICITUD', NULL, NULL, 1, 3, 1, 36, 148, NULL, 'Hector Arturo Mullisaca Jaen');
INSERT INTO `docente` VALUES (857, '01203902', 'VICTORIA', 'COAQUIRA', 'DE JALLO', '26/06/2001', '3675', 'CESE A SOLICITUD', NULL, NULL, 1, 3, 1, 36, 148, NULL, 'Hector Arturo Mullisaca Jaen');
INSERT INTO `docente` VALUES (858, '01212025', 'BETTY', 'CENTENO', 'CARPIO', NULL, NULL, 'CESE A SOLICITUD', NULL, NULL, 1, 3, 1, 36, 148, 'NO CUENTA CON RDR DE CESE', 'Hector Arturo Mullisaca Jaen');
INSERT INTO `docente` VALUES (859, '01233891', 'RAMON', 'CCAMA', 'HUISA', '30/09/1991', '0202', 'CESE A SOLICITUD', NULL, NULL, 1, 3, 1, 36, 148, NULL, 'Hector Arturo Mullisaca Jaen');
INSERT INTO `docente` VALUES (860, '01234094', 'ROBERTO WILFREDO', 'CRUZADO', 'ORTEGA', '31/03/1987', '0186', 'CESE A SOLICITUD', NULL, NULL, 1, 3, 1, 36, 148, NULL, 'Hector Arturo Mullisaca Jaen');
INSERT INTO `docente` VALUES (861, '01225025', 'EUFEMIA CELINA', 'CARI', 'PINEDA', '31/05/1997', '2580', 'CESE A SOLICITUD', NULL, NULL, 1, 3, 1, 36, 148, NULL, 'Hector Arturo Mullisaca Jaen');
INSERT INTO `docente` VALUES (862, '02263971', 'SERGIO JULIAN', 'COAQUIRA', 'HERMOSA', '26/10/2003', '10318', 'CESE A SOLICITUD', NULL, NULL, 1, 3, 1, 36, 148, NULL, 'Hector Arturo Mullisaca Jaen');
INSERT INTO `docente` VALUES (863, '01201316', 'JULIO', 'CRUZ', 'PINEDA', '02/04/2003', '2821', 'CESE A SOLICITUD', NULL, NULL, 1, 3, 1, 36, 148, NULL, 'Hector Arturo Mullisaca Jaen');
INSERT INTO `docente` VALUES (864, '01211050', 'OBDULIA', 'CRUZ', 'CHOQUE', '16/12/1982', '0099', 'CESE A SOLICITUD', NULL, NULL, 1, 3, 1, 36, 148, 'CESE POR ABANDONO DE CARGO', 'Hector Arturo Mullisaca Jaen');
INSERT INTO `docente` VALUES (865, '01213547', 'MARTIN AURELIO', 'CCOPA', 'PERCA', '01/03/1993', '0129', 'CESE A SOLICITUD', NULL, NULL, 1, 3, 1, 36, 148, NULL, 'Hector Arturo Mullisaca Jaen');
INSERT INTO `docente` VALUES (866, '02274504', 'FRANCISCO', 'ALANOCA', 'HANCCO', '31/10/2018', '2780-2018-DREP', 'POR LIMITE DE EDAD', NULL, NULL, 1, 2, 2, 1, 149, 'CESA EN EL AÑO 2018', 'VERONICA LAURA JUAREZ');
INSERT INTO `docente` VALUES (867, '01797213', 'JUAN DE DIOS', 'ARO', 'CALLI', '30/04/2019', '1038-2019-DREP', 'POR LIMITE DE EDAD', NULL, NULL, 1, 2, 2, 12, 149, 'CESA EN EL AÑO 2019', 'VERONICA LAURA JUAREZ');
INSERT INTO `docente` VALUES (868, '01806757', 'ALBERTO', 'ALAVE', 'ALAVE', '19/03/2019', '001015-2019-DREP', 'CESE A SOLICITUD', NULL, NULL, 2, 2, 3, 16, 149, 'CESA EN EL AÑO 2019, CESA POR RENUNCIA', 'VERONICA LAURA JUAREZ');
INSERT INTO `docente` VALUES (869, '02391110', 'PERCY', 'APAZA', 'MONTES', '21/08/2019', '003447-2019-DREP', 'POR FALLECIMIENTO', NULL, NULL, 1, 2, 2, 17, 149, 'CESA EN EL AÑO 2019', 'VERONICA LAURA JUAREZ');
INSERT INTO `docente` VALUES (870, '02360151', 'FELIPE', 'APAZA', 'PACORICONA', '01/06/2019', '001436-2022-DREP', 'POR LIMITE DE EDAD', NULL, NULL, 1, 2, 2, 29, 149, 'CESA EN EL AÑO 2019', 'VERONICA LAURA JUAREZ');
INSERT INTO `docente` VALUES (871, '01547333', 'ZENON ELISBAN', 'APAZA', 'CCARI', '07/10/2019', '003317-2019-DREP.', 'POR FALLECIMIENTO', NULL, NULL, 1, 2, 2, 5, 149, 'CESA EN EL AÑO 2019', 'VERONICA LAURA JUAREZ');
INSERT INTO `docente` VALUES (873, '01206892', 'VICENTE', 'BURGOS', 'ACHATA', '31/03/2019', '000724-2019-DREP', 'POR LIMITE DE EDAD', NULL, NULL, 1, 2, 2, 1, 150, 'CESA EN EL AÑO 2019', 'VERONICA LAURA JUAREZ');
INSERT INTO `docente` VALUES (874, '01200081', 'LAURA TEOFILA', 'BOCANGEL', 'ARAGON', '30/06/2018', '1563-DREP-2018', 'POR LIMITE DE EDAD', NULL, NULL, 1, 2, 2, 12, 150, 'CESA EN EL AÑO 2018', 'VERONICA LAURA JUAREZ');
INSERT INTO `docente` VALUES (875, '01210036', 'HILARIO', 'CARDENAS', 'GUZMAN', '01/10/2017', '0678-2018-DREP', 'POR LIMITE DE EDAD', NULL, NULL, 1, 2, 2, 12, 152, 'CESA EN EL AÑO 2018', 'VERONICA LAURA JUAREZ');
INSERT INTO `docente` VALUES (876, '02362221', 'JUAN', 'CAZORLA', 'CHAMBI', '07/08/2019', '2573-2019-DREP.', 'POR FALLECIMIENTO', NULL, NULL, 2, 2, 3, 3, 152, 'CESA EN EL AÑO 2019', 'VERONICA LAURA JUAREZ');
INSERT INTO `docente` VALUES (877, '02406217', 'MANUEL', 'CUTIPA', 'TAPIA', '30/06/2018', '1562-2018-DREP', NULL, NULL, NULL, 2, 2, 3, 21, 152, 'CESA EN EL AÑO 2018', 'VERONICA LAURA JUAREZ');
INSERT INTO `docente` VALUES (878, '01284693', 'ROGELIO', 'CHURA', 'CONDORI', '03/09/2018', '2486-2018-DREP', 'POR FALLECIMIENTO', NULL, NULL, 1, 2, 3, 11, 152, 'CESA EN EL AÑO 2018', 'VERONICA LAURA JUAREZ');
INSERT INTO `docente` VALUES (879, '02446602', 'IRMA AURORA', 'CUBA', 'VALENCIA', '31/12/2019', '0167-2019-DREP', 'POR LIMITE DE EDAD', NULL, NULL, 1, 2, 2, 20, 152, 'CESA EN EL AÑO 2019', 'VERONICA LAURA JUAREZ');
INSERT INTO `docente` VALUES (880, '01286663', 'WASHINGTON OTTO', 'EYZAGUIRRE', 'ABARCA', '30/12/2019', '3617-2019-DREP', NULL, NULL, NULL, 1, 2, 2, 12, 136, 'CESA EN EL AÑO 2019', 'VERONICA LAURA JUAREZ');
INSERT INTO `docente` VALUES (881, '02415422', 'MARCO BELISARIO', 'ESPINOZA', 'AMESQUITA', '01/06/2019', '1413-2019-DREP.', 'POR LIMITE DE EDAD', NULL, NULL, 1, 2, 2, 4, 136, 'CESA EN EL AÑO 2019', 'VERONICA LAURA JUAREZ');
INSERT INTO `docente` VALUES (882, '02379768', 'CELESTINO', 'ESTOFANERO', 'MOLLEAPAZA', '30/06/2018', '1618-2018-DREP', 'POR LIMITE DE EDAD', NULL, NULL, 2, 2, 3, 17, 136, 'CESA EN EL AÑO 2018', 'VERONICA LAURA JUAREZ');
INSERT INTO `docente` VALUES (883, '01205298', 'FLAVIO FREDY', 'FLORES', 'ALATA', '07/02/2018', '1192-2018-DRE', 'POR LIMITE DE EDAD', NULL, NULL, 1, 2, 2, 19, 153, 'CESA EN EL AÑO 2018', 'VERONICA LAURA JUAREZ');
INSERT INTO `docente` VALUES (884, '01203546', 'LUIS FIDEL', 'FLORES', 'MAMANI', '31/07/2018', '1938-2018-DREP.', 'POR LIMITE DE EDAD', NULL, NULL, 2, 2, 3, 12, 153, 'CESA EN EL AÑO 2018', 'VERONICA LAURA JUAREZ');
INSERT INTO `docente` VALUES (885, '01220579', 'DANTE ABNER', 'GALVEZ', 'ORMACHEA', '01/02/2018', '001420-2018-DREP', 'POR FALLECIMIENTO', NULL, NULL, 1, 2, 2, 20, 154, 'CESA EN EL AÑO 2018', 'VERONICA LAURA JUAREZ');
INSERT INTO `docente` VALUES (886, '01214519', 'JULIAN', 'GONZALES', 'LEON', '04/01/2019', '0612-2019-DREP.', 'POR FALLECIMIENTO', NULL, NULL, 1, 2, 2, 30, 154, 'CESA EN EL AÑO 2019', 'VERONICA LAURA JUAREZ');
INSERT INTO `docente` VALUES (887, '01321139', 'RODOLFO SANTIAGO', 'GUILLEN', 'CACERES', '01/06/2019', '1861-2019-DREP.', 'POR LIMITE DE EDAD', NULL, NULL, 1, 2, 2, 12, 154, 'CESA EN EL AÑO 2019', 'VERONICA LAURA JUAREZ');
INSERT INTO `docente` VALUES (888, '01326145', 'MARGA ISABEL', 'INGALUPE', 'ARAPA', '01/04/2019', '1442-2019-DREP.', 'CESE A SOLICITUD', NULL, NULL, 1, 2, 2, 22, 156, 'CESA EN EL AÑO 2019', 'VERONICA LAURA JUAREZ');
INSERT INTO `docente` VALUES (889, '01488588', 'EUGENIA', 'ILAZACA', 'HUICHE', '31/03/2019', '0725-2019-DREP.', 'POR LIMITE DE EDAD', NULL, NULL, 1, 2, 2, 33, 156, 'CESA EN EL AÑO 2019', 'VERONICA LAURA JUAREZ');
INSERT INTO `docente` VALUES (890, '02266490', 'ALEX AGAPITO', 'JIMENEZ', 'GUERRERO', '31/10/2018', '2676-2018-DREP.', 'POR LIMITE DE EDAD', NULL, NULL, 1, 2, 2, 3, 156, 'CESA EN EL AÑO 2018', 'VERONICA LAURA JUAREZ');
INSERT INTO `docente` VALUES (891, '01797394', 'RAMON', 'LUPACA', 'MARCA', '30/06/2018', '1727-2018-DREP.', 'POR LIMITE DE EDAD', NULL, NULL, 2, 2, 3, 34, 157, 'CESA EN EL AÑO 2018', 'VERONICA LAURA JUAREZ');
INSERT INTO `docente` VALUES (892, '02145420', 'FIDEL', 'MAMANI', 'CCARI', '09/07/2017', '1695-2017-DREP', 'POR FALLECIMIENTO', NULL, NULL, 2, 2, 3, 14, 158, 'CESA EN EL AÑO 2017', 'VERONICA LAURA JUAREZ');
INSERT INTO `docente` VALUES (893, '01233760', 'JESUS', 'MARTINEZ', 'ARIAS', '31/03/2019', '0723-2019-DREP', 'POR LIMITE DE EDAD', NULL, NULL, 1, 2, 2, 1, 158, 'CESA EN EL AÑO 2019', 'VERONICA LAURA JUAREZ');
INSERT INTO `docente` VALUES (894, '01211595', 'ERNESTO HILARIO', 'MAMANI', 'QUISPE', '31/08/2017', '1633-2017-DREP', 'POR LIMITE DE EDAD', NULL, NULL, 1, 2, 2, 19, 158, 'CESA EN EL AÑO 2017', 'VERONICA LAURA JUAREZ');
INSERT INTO `docente` VALUES (895, '01242820', 'CAMILO', 'MARCE', 'QUISPE', '31/07/2018', '1939-DREP-2018', 'POR LIMITE DE EDAD', NULL, NULL, 2, 2, 3, 27, 158, 'CESA EN EL AÑO 2018', 'VERONICA LAURA JUAREZ');
INSERT INTO `docente` VALUES (896, '01489246', 'CLEMENTE', 'MONTESINOS', 'URVIOLA', '30/04/2019', '0999-2019-DREP.', 'POR LIMITE DE EDAD', NULL, NULL, 2, 2, 3, 20, 158, 'CESA EN EL AÑO 2019', 'VERONICA LAURA JUAREZ');
INSERT INTO `docente` VALUES (897, '01214254', 'JOSE', 'NINA', 'FLORES', '01/06/2019', '001498-2019-DREP', 'POR LIMITE DE EDAD', NULL, NULL, 2, 2, 3, 11, 159, 'CESA EN EL AÑO 2019', 'VERONICA LAURA JUAREZ');
INSERT INTO `docente` VALUES (898, '02420512', 'JUAN EDWIN', 'PAREDES', 'DELGADO', '30/06/2019', '001854-2019-DREP', 'POR LIMITE DE EDAD', NULL, NULL, 1, 2, 2, 17, 160, 'CESA EN EL AÑO 2019', 'VERONICA LAURA JUAREZ');
INSERT INTO `docente` VALUES (899, '01264032', 'JOSE MANUEL', 'PINEDA', 'BARREDA', '01/06/2019', '1860-2019-DREP', 'POR LIMITE DE EDAD', NULL, NULL, 2, 2, 2, 11, 160, 'CESA EN EL AÑO 2019', 'VERONICA LAURA JUAREZ');
INSERT INTO `docente` VALUES (900, '02380344', 'JUAN', 'SANCHEZ', 'HUAMAN', '30/12/2019', '3402-2019-DREP.', 'POR LIMITE DE EDAD', NULL, NULL, 2, 2, 3, 11, 166, 'CESA EN EL AÑO 2019', 'VERONICA LAURA JUAREZ');
INSERT INTO `docente` VALUES (901, '02045944', 'JUAN', 'SACACHIPANA', 'SACACHIPANA', '31/03/2019', '0717-2019-DREP.', 'POR LIMITE DE EDAD', NULL, NULL, 1, 2, 2, 22, 166, 'CESA EN EL AÑO 2019', 'VERONICA LAURA JUAREZ');
INSERT INTO `docente` VALUES (902, '01222167', 'VICENTE', 'SUCAPUCA', 'SONCCO', '30/06/2018', '1565-2018-DREP', 'POR LIMITE DE EDAD', NULL, NULL, 1, 2, 2, 7, 166, 'CESA EN EL AÑO 2018', 'VERONICA LAURA JUAREZ');
INSERT INTO `docente` VALUES (903, '02372343', 'FILOMENO', 'SUCASACA', 'FLOREZ', '31/12/2019', '0121-2019-DREP.', 'POR LIMITE DE EDAD', NULL, NULL, 1, 2, 2, 27, 166, 'CESA EN EL AÑO 2019', 'VERONICA LAURA JUAREZ');
INSERT INTO `docente` VALUES (904, '01221400', 'CARMEN', 'TITO', 'PINEDA', '30/05/2018', '1353-2018-DREP', 'POR LIMITE DE EDAD', NULL, NULL, 1, 2, 2, 3, 167, 'CESA EN EL AÑO 2018', 'VERONICA LAURA JUAREZ');
INSERT INTO `docente` VALUES (905, '01855027', 'MIGUEL', 'TINTAYA', 'LAURENTE', '31/07/2018', '1940-2018-DREP.', 'POR LIMITE DE EDAD', NULL, NULL, 1, 2, 2, 24, 167, 'CESA EN EL AÑO 2018', 'VERONICA LAURA JUAREZ');
INSERT INTO `docente` VALUES (906, '01234495', 'FABIAN', 'QUISPE', 'MAMANI', '16/03/2019', '1068-2019-DREP', 'POR FALLECIMIENTO', NULL, NULL, 1, 2, 2, 15, 163, 'CESA EN EL AÑO 2019', 'VERONICA LAURA JUAREZ');
INSERT INTO `docente` VALUES (907, '02264981', 'ANTONIO LEON', 'QUISPE', 'QUISPE', '31/07/2019', '2260-2019-DREP.', 'POR LIMITE DE EDAD', NULL, NULL, 1, 2, 2, 12, 163, 'CESA EN EL AÑO 2019', 'VERONICA LAURA JUAREZ');
INSERT INTO `docente` VALUES (908, '01204920', 'EUSTAQUIA', 'QUISPE', 'CONDORI', '28/02/2019', '0486-2019-DREP.', 'CESE A SOLICITUD', NULL, NULL, 1, 2, 2, 21, 163, 'CESA EN EL AÑO 2019', 'VERONICA LAURA JUAREZ');
INSERT INTO `docente` VALUES (909, '01311581', 'VIDAL', 'QUISPE', 'GUILLEN', '09/04/2019', '1449-2019-DREP.', 'POR FALLECIMIENTO', NULL, NULL, 1, 2, 2, 22, 163, 'CESA EN EL AÑO 2019', 'VERONICA LAURA JUAREZ');
INSERT INTO `docente` VALUES (910, '01201708', 'FELIPE', 'QUISPE', 'MAMANI', '28/10/2017', '2318-2017-DREP.', 'POR FALLECIMIENTO', NULL, NULL, 1, 2, 2, 27, 163, 'CESA EN EL AÑO 2017', 'VERONICA LAURA JUAREZ');
INSERT INTO `docente` VALUES (911, '01208294', 'PEDRO', 'QUISPE', 'CHURA', '31/03/2017', '0588-2017-DREP.', 'CESE A SOLICITUD', NULL, NULL, 1, 2, 2, 27, 163, 'CESA EN EL AÑO 2017', 'VERONICA LAURA JUAREZ');
INSERT INTO `docente` VALUES (912, '02392235', 'VICTOR RAUL', 'QUERIA', 'ROSADO', '31/12/2017', '1552-2018-DREP', 'POR LIMITE DE EDAD', NULL, NULL, 1, 2, 2, 20, 163, 'CESA EN EL AÑO 2018', 'VERONICA LAURA JUAREZ');
INSERT INTO `docente` VALUES (913, '01488929', 'NICO FACTOR', 'RUIZ', 'ZURITA', '31/08/2017', '1663-2017-DREP', 'POR LIMITE DE EDAD', NULL, NULL, 1, 2, 2, 5, 165, 'CESA EN EL AÑO 2017', 'VERONICA LAURA JUAREZ');
INSERT INTO `docente` VALUES (914, '01206899', 'RUFINO', 'RODRIGUEZ', 'CHURA', '31/07/2020', '1347-2020-DREP.', 'POR LIMITE DE EDAD', NULL, NULL, 2, 2, 3, 12, 165, 'CESA EN EL AÑO 2020', 'VERONICA LAURA JUAREZ');
INSERT INTO `docente` VALUES (915, '02146354', 'LINO', 'VILCA', 'MAMANI', '09/04/2018', '1790-2018-DREP.', 'CESE A SOLICITUD', NULL, NULL, 1, 2, 2, 10, 168, 'CESA EN EL AÑO 2018', 'VERONICA LAURA JUAREZ');
INSERT INTO `docente` VALUES (916, '02144457', 'COSME DAMIAN', 'VILCA', 'LIMA', '31/03/2020', '1061-2020-DREP.', 'POR LIMITE DE EDAD', NULL, NULL, 2, 2, 3, 20, 168, 'CESA EN EL AÑO 2020', 'VERONICA LAURA JUAREZ');
INSERT INTO `docente` VALUES (917, '02399966', 'HUGO CESARIO', 'VILCA', 'SALAS', '28/06/2019', '2547-2019-DREP', 'POR FALLECIMIENTO', NULL, NULL, 1, 2, 2, 17, 168, 'CESA EN EL AÑO 2019', 'VERONICA LAURA JUAREZ');
INSERT INTO `docente` VALUES (918, '02428260', 'PABLO', 'VARGAS', 'SANCHEZ', '30/03/2020', '0963-2020-DREP.', 'POR LIMITE DE EDAD', 971513377, NULL, 1, 2, 2, 12, 168, 'CESA EN EL AÑO 2020', 'VERONICA LAURA JUAREZ');
INSERT INTO `docente` VALUES (919, '01200104', 'ELOY ALFREDO', 'ZENTENO', 'VELASQUEZ', '31/07/2017', '1450-2017-DREP.', 'CESE A SOLICITUD', NULL, NULL, 2, 2, 3, 20, 169, 'CESA EN EL AÑO 2017', 'VERONICA LAURA JUAREZ');
INSERT INTO `docente` VALUES (920, '01214253', 'JORGE RUBEN', 'CASTRO', 'CENTENO', '01/05/2006', '0572', 'CESE A SOLICITUD', NULL, NULL, 1, 3, 1, 36, 125, NULL, 'Hector Arturo Mullisaca Jaen');
INSERT INTO `docente` VALUES (921, '01226164', 'GUILLERMO', 'CORNEJO', 'CACERES', '30/06/1992', '0539', 'CESE A SOLICITUD', NULL, NULL, 1, 3, 1, 36, 125, NULL, 'Hector Arturo Mullisaca Jaen');
INSERT INTO `docente` VALUES (922, '02144002', 'VICTORIA NELIDA LUZMILA', 'CORRALES', 'CUBA', '28/02/2006', '0293', 'CESE A SOLICITUD', NULL, NULL, 3, 3, 1, 36, 125, NULL, 'Hector Arturo Mullisaca Jaen');
INSERT INTO `docente` VALUES (923, '01210711', 'ALICIA', 'CRUZ', 'QUISPE', NULL, NULL, 'CESE A SOLICITUD', NULL, NULL, 1, 3, 1, 36, 125, 'NO CUENTA CON RDR DE CESE', 'Hector Arturo Mullisaca Jaen');
INSERT INTO `docente` VALUES (924, '01305137', 'FLORENCIO', 'CUTIMBO', 'MAMANI', NULL, NULL, 'CESE A SOLICITUD', NULL, NULL, 1, 3, 1, 36, 125, 'NO CUENTA CON RDR DE CESE', 'Hector Arturo Mullisaca Jaen');
INSERT INTO `docente` VALUES (925, '01240359', 'CIRILO', 'CRUZ', 'PEDRAZA', '02/05/2005', '1166', 'CESE A SOLICITUD', NULL, NULL, 1, 3, 1, 36, 125, NULL, 'Hector Arturo Mullisaca Jaen');
INSERT INTO `docente` VALUES (926, '01206697', 'ONOFRIO CRISPOLO', 'COACALLA', 'TINTAYA', '31/03/1987', '0399', 'CESE A SOLICITUD', NULL, NULL, 1, 3, 1, 36, 125, NULL, 'Hector Arturo Mullisaca Jaen');
INSERT INTO `docente` VALUES (927, '01231402', 'OLGA CECILIA', 'CONDORI', 'NINA', NULL, NULL, 'CESE A SOLICITUD', NULL, NULL, 1, 3, 1, 36, 125, 'NO CUENTA CON RDR DE CESE', 'Hector Arturo Mullisaca Jaen');
INSERT INTO `docente` VALUES (928, '01310993', 'PABLO ERNESTO', 'CONDORI', 'MONROY', '30/09/1994', '1377', 'CESE A SOLICITUD', NULL, NULL, 1, 3, 1, 36, 125, NULL, 'Hector Arturo Mullisaca Jaen');
INSERT INTO `docente` VALUES (929, '01248849', 'VILMA MERY', 'CONDORI', 'QUISPE', '31/05/1997', '2347', 'CESE A SOLICITUD', NULL, NULL, 1, 3, 1, 36, 125, NULL, 'Hector Arturo Mullisaca Jaen');
INSERT INTO `docente` VALUES (930, '01214681', 'ELOY JUAN', 'CONDORI', 'DURAND', '31/03/1998', '1646', 'CESE A SOLICITUD', NULL, NULL, 1, 3, 1, 36, 125, NULL, 'Hector Arturo Mullisaca Jaen');
INSERT INTO `docente` VALUES (931, '02421186', 'ELEUTERIO', 'CORONEL', 'COAQUIRA', '30/06/1995', '1326', 'CESE A SOLICITUD', NULL, NULL, 1, 3, 1, 36, 125, NULL, 'Hector Arturo Mullisaca Jaen');
INSERT INTO `docente` VALUES (932, '01305395', 'MARCELINA', 'CONDORI', 'ORTIZ', '30/09/1998', '5659', 'CESE A SOLICITUD', NULL, NULL, 1, 3, 1, 36, 125, NULL, 'Hector Arturo Mullisaca Jaen');
INSERT INTO `docente` VALUES (933, '01216417', 'JOSE ALBERTO', 'CONTRERAS', 'VALDEZ', '30/11/1991', '0708', 'CESE A SOLICITUD', NULL, NULL, 1, 3, 1, 36, 125, NULL, 'Hector Arturo Mullisaca Jaen');
INSERT INTO `docente` VALUES (934, '01287296', 'RAFAEL ARCANGEL', 'COLQUE', 'CALDERON', '02/05/2005', '1049', 'CESE A SOLICITUD', NULL, NULL, 1, 3, 1, 36, 125, NULL, 'Hector Arturo Mullisaca Jaen');
INSERT INTO `docente` VALUES (935, '01200709', 'CRISTINA', 'CATACORA', 'CATACORA', '31/12/1986', '2291', 'CESE A SOLICITUD', NULL, NULL, 1, 3, 1, 1, 125, NULL, 'Hector Arturo Mullisaca Jaen');
INSERT INTO `docente` VALUES (936, '01221947', 'SILVIA MARITH', 'CORDERO', 'SARDON DE MALMA', '28/02/1994', '0214', 'CESE A SOLICITUD', NULL, NULL, 1, 3, 1, 36, 125, NULL, 'Hector Arturo Mullisaca Jaen');
INSERT INTO `docente` VALUES (937, '01204055', 'GLORIA VIRGINIA', 'COAQUIRA', 'FLORES', NULL, NULL, 'CESE A SOLICITUD', NULL, NULL, 1, 3, 1, 36, 125, 'NO CUENTA CON RDR DE CESE', 'Hector Arturo Mullisaca Jaen');
INSERT INTO `docente` VALUES (938, '01847534', 'MARIA EUFEMIA', 'CONTRERAS', 'VALDEZ', '01/12/1990', '0900', 'CESE A SOLICITUD', NULL, NULL, 1, 3, 1, 36, 125, NULL, 'Hector Arturo Mullisaca Jaen');
INSERT INTO `docente` VALUES (939, '01208563', 'SATURNINA', 'CONDORI', 'VILCA', '20/07/1999', '4306', 'CESE A SOLICITUD', NULL, NULL, 1, 3, 1, 36, 125, NULL, 'Hector Arturo Mullisaca Jaen');
INSERT INTO `docente` VALUES (940, '01235748', 'FLAVIO', 'CENTENO', 'CCURO', '30/04/2008', '0763', 'CESE A SOLICITUD', NULL, NULL, 1, 3, 1, 36, 125, NULL, 'Hector Arturo Mullisaca Jaen');
INSERT INTO `docente` VALUES (941, '01234351', 'ROSA ISABEL', 'CAPARO', 'CANO', '30/09/1991', '0200', 'CESE A SOLICITUD', NULL, NULL, 1, 3, 1, 36, 125, NULL, 'Hector Arturo Mullisaca Jaen');
INSERT INTO `docente` VALUES (942, '01288422', 'LUCIA LOURDES', 'COLQUE', 'CALDERON', '02/03/2002', '526', 'CESE A SOLICITUD', NULL, NULL, 1, 3, 1, 36, 125, NULL, 'Hector Arturo Mullisaca Jaen');
INSERT INTO `docente` VALUES (943, '01227364', 'VIANNEY NIEVES', 'CANO', 'TORRES', '31/03/1988', '0201', 'CESE A SOLICITUD', NULL, NULL, 1, 3, 1, 36, 125, NULL, 'Hector Arturo Mullisaca Jaen');
INSERT INTO `docente` VALUES (944, '01224052', 'JOSE MARIA', 'COAQUIRA', 'MAMANI', NULL, NULL, 'CESE A SOLICITUD', NULL, NULL, 1, 3, 1, 36, 125, 'NO CUENTA CON RDR DE CESE', 'Hector Arturo Mullisaca Jaen');
INSERT INTO `docente` VALUES (945, '01227187', 'EUSEBIO', 'CONDEMAYTA', 'CONDORI', '31/05/1994', '738', 'CESE A SOLICITUD', NULL, NULL, 1, 3, 1, 36, 125, NULL, 'Hector Arturo Mullisaca Jaen');
INSERT INTO `docente` VALUES (946, '01216803', 'MARCELINO', 'CCAMA', 'RAMOS', '31/01/1996', '365', 'CESE A SOLICITUD', NULL, NULL, 1, 3, 1, 36, 125, NULL, 'Hector Arturo Mullisaca Jaen');
INSERT INTO `docente` VALUES (947, '01487605', 'QUINTILLANO EZEQUIEL', 'CARI', 'PINEDA', NULL, NULL, 'CESE A SOLICITUD', NULL, NULL, 1, 3, 1, 36, 125, 'NO CUENTA CON RDR DE CESE', 'Hector Arturo Mullisaca Jaen');
INSERT INTO `docente` VALUES (948, '01206800', 'MARIA HERMELINDA', 'CATACORA', 'VIDANGOS', NULL, NULL, 'CESE A SOLICITUD', NULL, NULL, 1, 3, 1, 36, 125, 'NO CUENTA CON RDR DE CESE', 'Hector Arturo Mullisaca Jaen');
INSERT INTO `docente` VALUES (949, '01817586', 'NICASIO DARIO', 'CACHICATARI', 'MORALES', NULL, NULL, 'CESE A SOLICITUD', NULL, NULL, 1, 3, 1, 36, 125, 'NO CUENTA CON RDR DE CESE', 'Hector Arturo Mullisaca Jaen');
INSERT INTO `docente` VALUES (950, '01205356', 'DIONISIO', 'CONDORI', 'CRUZ', '01/06/2001', '4586', 'CESE A SOLICITUD', NULL, NULL, 1, 3, 1, 36, 125, NULL, 'Hector Arturo Mullisaca Jaen');
INSERT INTO `docente` VALUES (951, '01213702', 'MERY HERMELINDA', 'CONDORI', 'FERNANDEZ', NULL, '3509-00', 'CESE A SOLICITUD', NULL, NULL, 1, 3, 1, 36, 125, 'REFERENCIA DE RDR DE CESE: TAPA DE LEGAJO\r\nNO CUENTA CON RDR DE CESE', 'Hector Arturo Mullisaca Jaen');
INSERT INTO `docente` VALUES (952, '01227773', 'PETRONILA', 'CONDORI', 'ESCALANTE', '06/07/1999', '4544', 'CESE A SOLICITUD', NULL, NULL, 1, 3, 1, 36, 125, NULL, 'Hector Arturo Mullisaca Jaen');
INSERT INTO `docente` VALUES (953, '29694299', 'IMELDA', 'CONTRERAS', 'VALDEZ', '31/08/1991', '0605', 'CESE A SOLICITUD', NULL, NULL, 1, 3, 1, 36, 125, NULL, 'Hector Arturo Mullisaca Jaen');
INSERT INTO `docente` VALUES (955, '01284687', 'JULIO FELIPE', 'CORNEJO', 'MOSTAJO', '20/02/1998', '426', 'CESE A SOLICITUD', NULL, NULL, 1, 3, 1, 36, 125, NULL, 'Hector Arturo Mullisaca Jaen');
INSERT INTO `docente` VALUES (956, '01236859', 'VILMA GALATA', 'CONTRERAS', 'TERROBA', '02/05/2001', '2116', 'CESE A SOLICITUD', NULL, NULL, 1, 3, 1, 36, 125, NULL, 'Hector Arturo Mullisaca Jaen');
INSERT INTO `docente` VALUES (957, '23852481', 'ADELA', 'CORVACHO', 'TUPAYACHI', '01/03/2003', '1515', 'CESE A SOLICITUD', NULL, NULL, 1, 3, 1, 36, 125, NULL, 'Hector Arturo Mullisaca Jaen');
INSERT INTO `docente` VALUES (958, '01263686', 'LEOPOLDO', 'CONDORI', 'MAMANI', '31/12/2007', '0199', 'CESE A SOLICITUD', NULL, NULL, 1, 3, 1, 36, 125, NULL, 'Hector Arturo Mullisaca Jaen');
INSERT INTO `docente` VALUES (959, '01204555', 'MAGDA DEHANE', 'CORTEZ', 'IRURI DE FLOREZ', '02/10/2002', NULL, 'CESE A SOLICITUD', NULL, NULL, 1, 3, 1, 36, 125, 'NO CUENTA CON RDR DE CESE', 'Hector Arturo Mullisaca Jaen');
INSERT INTO `docente` VALUES (960, '01205574', 'ERNESTO ELOY', 'COLQUE', 'ROMERO', '30/11/1992', '1934', 'CESE A SOLICITUD', NULL, NULL, 1, 3, 1, 36, 125, NULL, 'Hector Arturo Mullisaca Jaen');
INSERT INTO `docente` VALUES (961, '01210083', 'SANTOS', 'CATACORA', 'CATACORA', '30/12/1986', '2295', 'CESE A SOLICITUD', NULL, NULL, 1, 3, 1, 36, 125, NULL, 'Hector Arturo Mullisaca Jaen');
INSERT INTO `docente` VALUES (962, '01205107', 'esteban', 'de la torre', 'rojas', '28/02/1987', '0216', 'CESE A SOLICITUD', NULL, NULL, 1, 3, 1, 36, 170, NULL, 'Hector Arturo Mullisaca Jaen');
INSERT INTO `docente` VALUES (963, '01211576', 'LEONIDAS CLAREL', 'DAVILA', 'BARRA', '26/05/2008', '0805', 'CESE A SOLICITUD', NULL, NULL, 1, 3, 1, 36, 170, NULL, 'Hector Arturo Mullisaca Jaen');
INSERT INTO `docente` VALUES (964, '02421438', 'RAUL', 'DEZA', 'BUSTINZA', NULL, NULL, 'CESE A SOLICITUD', NULL, NULL, 1, 3, 1, 36, 170, 'NO CUENTA CON RDR DE CESE', 'Hector Arturo Mullisaca Jaen');
INSERT INTO `docente` VALUES (965, '01230400', 'NELIDA PRUDENCIA', 'DELGADO', 'GALINDO', '31/05/1994', '0842', 'CESE A SOLICITUD', NULL, NULL, 1, 3, 1, 36, 170, NULL, 'Hector Arturo Mullisaca Jaen');
INSERT INTO `docente` VALUES (966, '01226976', 'BLONDINA', 'DEL ARROYO', 'VARGAS', NULL, NULL, 'CESE A SOLICITUD', NULL, NULL, 1, 3, 1, 36, 170, 'NO CUENTA CON RDR DE CESE', 'Hector Arturo Mullisaca Jaen');
INSERT INTO `docente` VALUES (967, '01205398', 'PAULINA', 'DEZA', 'CARRILLO', '30/06/2003', '8684', 'CESE A SOLICITUD', NULL, NULL, 1, 3, 1, 36, 170, NULL, 'Hector Arturo Mullisaca Jaen');
INSERT INTO `docente` VALUES (968, '01204431', 'DANIEL PEDRO', 'DURAND', 'CALSIN', '02/06/2004', '1830', 'CESE A SOLICITUD', NULL, NULL, 1, 3, 1, 36, 170, NULL, 'Hector Arturo Mullisaca Jaen');
INSERT INTO `docente` VALUES (969, '01210166', 'JOSE ANTONIO', 'DE LA FUENTE', 'PEREA', '31/10/1991', '0369', 'CESE A SOLICITUD', NULL, NULL, 1, 3, 1, 36, 170, NULL, 'Hector Arturo Mullisaca Jaen');
INSERT INTO `docente` VALUES (970, '01234304', 'CARLOS EMILIO', 'DE LA RIVA', 'GALDOS', '30/11/1983', '1817', 'CESE A SOLICITUD', NULL, NULL, 1, 3, 1, 36, 170, NULL, 'Hector Arturo Mullisaca Jaen');
INSERT INTO `docente` VALUES (971, '01211909', 'ROSARIO ELIZABETH', 'DE LA RIVA', 'GALLEGOS', '30/04/1996', '1539', 'CESE A SOLICITUD', NULL, NULL, 1, 3, 1, 36, 170, NULL, 'Hector Arturo Mullisaca Jaen');
INSERT INTO `docente` VALUES (972, '01285375', 'FELICITAS', 'DIAZ', 'QUISOCCALA', '30/09/1991', '0198', 'CESE A SOLICITUD', NULL, NULL, 1, 3, 1, 36, 170, NULL, 'Hector Arturo Mullisaca Jaen');
INSERT INTO `docente` VALUES (973, '01321918', 'MARIA NARCISA', 'DUEÑAS', 'LOPEZ', '31/07/1993', '1103', 'CESE A SOLICITUD', NULL, NULL, 1, 3, 1, 36, 170, NULL, 'Hector Arturo Mullisaca Jaen');
INSERT INTO `docente` VALUES (974, '01204264', 'MARCELINO', 'DURAN', 'QUISPE', '31/08/1991', '0624', 'CESE A SOLICITUD', NULL, NULL, 1, 3, 1, 36, 170, NULL, 'Hector Arturo Mullisaca Jaen');
INSERT INTO `docente` VALUES (975, '01286065', 'CLORINDA', 'DIAZ', 'BUSTOS', '15/08/1996', '4349', 'CESE A SOLICITUD', NULL, NULL, 1, 3, 1, 36, 170, NULL, 'Hector Arturo Mullisaca Jaen');
INSERT INTO `docente` VALUES (976, '01205272', 'LUCIO', 'DEL PINO', 'CHURA', NULL, NULL, 'CESE A SOLICITUD', NULL, NULL, 1, 3, 1, 36, 170, 'NO CUENTA CON RDR DE CESE', 'Hector Arturo Mullisaca Jaen');
INSERT INTO `docente` VALUES (977, '01211577', 'GUILLERMINA', 'DE LA RIVA', 'BERMEJO', '28/02/1994', '0285', 'CESE A SOLICITUD', NULL, NULL, 1, 3, 1, 36, 170, NULL, 'Hector Arturo Mullisaca Jaen');
INSERT INTO `docente` VALUES (979, '01234825', 'IDOLIA ORIETA', 'DEZA', 'LA FUENTE DE ZEBALLOS', '31/10/1991', '0540', 'CESE A SOLICITUD', NULL, NULL, 1, 3, 1, 36, 170, NULL, 'Hector Arturo Mullisaca Jaen');
INSERT INTO `docente` VALUES (980, '01278793', 'MARIANO', 'CHAMBI', 'TURPO', '30/06/1992', '0715', 'CESE A SOLICITUD', NULL, NULL, 1, 3, 1, 36, 171, NULL, 'Hector Arturo Mullisaca Jaen');
INSERT INTO `docente` VALUES (981, '01204096', 'SIMON', 'CHARAJA', 'RODRIGUEZ', '30/06/1996', '2224', 'CESE A SOLICITUD', NULL, NULL, 1, 3, 1, 36, 171, NULL, 'Hector Arturo Mullisaca Jaen');
INSERT INTO `docente` VALUES (982, '02422819', 'CATALINA', 'CHURA', 'BEDOYA', '31/03/2003', '2369', 'CESE A SOLICITUD', NULL, NULL, 1, 3, 1, 36, 171, NULL, 'Hector Arturo Mullisaca Jaen');
INSERT INTO `docente` VALUES (983, '01210917', 'ESTEBAN BENEDICTO', 'CHAIÑA', 'MAMANI', '30/04/1997', '1517', 'CESE A SOLICITUD', NULL, NULL, 1, 3, 1, 36, 171, NULL, 'Hector Arturo Mullisaca Jaen');
INSERT INTO `docente` VALUES (984, '01509164', 'RUTH MATILDE', 'CHAMBI', 'ALEMAN', '01/08/2001', '4483', 'CESE A SOLICITUD', NULL, NULL, 1, 3, 1, 36, 171, NULL, 'Hector Arturo Mullisaca Jaen');
INSERT INTO `docente` VALUES (985, '01201276', 'MARIA APOLINARIA', 'CHAIÑA', 'MONZON', '31/07/1993', '1080', 'CESE A SOLICITUD', NULL, NULL, 1, 3, 1, 36, 171, NULL, 'Hector Arturo Mullisaca Jaen');
INSERT INTO `docente` VALUES (986, '01225162', 'MAXIMILIANA', 'CHATA', 'ANCCO', NULL, NULL, 'CESE A SOLICITUD', NULL, NULL, 1, 3, 1, 36, 171, 'NO CUENTA CON RDR DE CESE', 'Hector Arturo Mullisaca Jaen');
INSERT INTO `docente` VALUES (987, '01220254', 'JUSTINA', 'CHAHUARES', 'SALAS', '01/03/2003', '278', 'CESE A SOLICITUD', NULL, NULL, 1, 3, 1, 36, 171, NULL, 'Hector Arturo Mullisaca Jaen');
INSERT INTO `docente` VALUES (988, '01223467', 'GUSTAVO ADOLFO', 'CHAVEZ', 'BUSTINZA', '31/08/1995', '1734', 'CESE A SOLICITUD', NULL, NULL, 1, 3, 1, 36, 171, NULL, 'Hector Arturo Mullisaca Jaen');
INSERT INTO `docente` VALUES (989, '01276689', 'EUSEBIO FRANCISCO', 'CHAMBI', 'TURPO', '31/08/1998', '5313', 'CESE A SOLICITUD', NULL, NULL, 1, 3, 1, 36, 171, NULL, 'Hector Arturo Mullisaca Jaen');
INSERT INTO `docente` VALUES (990, '01210671', 'DAVID', 'CHAVEZ', 'URVIOLA', '01/06/2001', '4497', 'CESE A SOLICITUD', NULL, NULL, 1, 3, 1, 36, 171, NULL, 'Hector Arturo Mullisaca Jaen');
INSERT INTO `docente` VALUES (991, '01236851', 'GLORIA ALICIA', 'CHAIÑA', 'VARGAS', NULL, NULL, 'CESE A SOLICITUD', NULL, NULL, 1, 3, 1, 36, 171, 'NO CUENTA CON RDR DE CESE', 'Hector Arturo Mullisaca Jaen');
INSERT INTO `docente` VALUES (992, '01265784', 'CRESENCIO', 'CHURATA', 'COLQUEHUANCA', NULL, NULL, 'CESE A SOLICITUD', NULL, NULL, 1, 3, 1, 36, 171, 'NO CUENTA CON RDR DE CESE', 'Hector Arturo Mullisaca Jaen');
INSERT INTO `docente` VALUES (993, '01272141', 'JUSTO GERMAN', 'CHAIÑA', 'ONQUE', '01/06/2009', '0984', 'CESE A SOLICITUD', NULL, NULL, 1, 3, 1, 36, 171, NULL, 'Hector Arturo Mullisaca Jaen');
INSERT INTO `docente` VALUES (994, '01209962', 'LUCIO QUINTIN', 'CHARAJA', 'VALERO', NULL, NULL, 'CESE A SOLICITUD', NULL, NULL, 1, 3, 1, 36, 171, 'NO CUENTA CON RDR DE CESE', 'Hector Arturo Mullisaca Jaen');
INSERT INTO `docente` VALUES (995, '01204274', 'LUIS ALBERTO', 'CHAVEZ', 'LA TORRE', '01/07/2000', '3863', 'CESE A SOLICITUD', NULL, NULL, 1, 3, 1, 36, 171, NULL, 'Hector Arturo Mullisaca Jaen');
INSERT INTO `docente` VALUES (997, '01208036', 'JUAN LUIS ADOLFO', 'CHAMBI', 'ASQUI', '28/12/2007', '0123', 'CESE A SOLICITUD', NULL, NULL, 1, 3, 1, 36, 171, NULL, 'Hector Arturo Mullisaca Jaen');
INSERT INTO `docente` VALUES (998, '01204759', 'RODOLFO ROBERTO', 'CHAVEZ', 'BUSTINZA', '30/04/1993', '0621', 'CESE A SOLICITUD', NULL, NULL, 1, 3, 1, 36, 171, NULL, 'Hector Arturo Mullisaca Jaen');
INSERT INTO `docente` VALUES (999, '01203704', 'FLAVIO', 'CHARAJA', 'FLORES', '30/04/1993', '0546', 'CESE A SOLICITUD', NULL, NULL, 1, 3, 1, 36, 172, NULL, 'Hector Arturo Mullisaca Jaen');
INSERT INTO `docente` VALUES (1000, '01221121', 'PEDRO', 'CHAMBI', 'TURPO', '01/04/2010', '0752', 'CESE A SOLICITUD', NULL, NULL, 1, 3, 1, 36, 172, NULL, 'Hector Arturo Mullisaca Jaen');
INSERT INTO `docente` VALUES (1001, '01279801', 'PABLO TEODORO', 'CHAMBI', 'TURPO', '28/02/1987', '0194', 'CESE A SOLICITUD', NULL, NULL, 1, 3, 1, 36, 172, NULL, 'Hector Arturo Mullisaca Jaen');
INSERT INTO `docente` VALUES (1002, '01235867', 'RUFINA FELICITAS', 'CHECALLA', 'SARAVIA', '24/09/1999', '6847', 'CESE A SOLICITUD', NULL, NULL, 1, 3, 1, 36, 172, NULL, 'Hector Arturo Mullisaca Jaen');
INSERT INTO `docente` VALUES (1003, '01205498', 'PETRONA', 'CHIPANA', 'COARITA', '31/05/1997', '2581', 'CESE A SOLICITUD', NULL, NULL, 1, 3, 1, 36, 172, NULL, 'Hector Arturo Mullisaca Jaen');
INSERT INTO `docente` VALUES (1004, '01286070', 'ESTERIO RAUL', 'CHIPANA', 'FLORES', '31/12/2007', '0641', 'CESE A SOLICITUD', NULL, NULL, 1, 3, 1, 36, 172, NULL, 'Hector Arturo Mullisaca Jaen');
INSERT INTO `docente` VALUES (1005, '01226623', 'SAMUEL MARCELO', 'CHOQUE', 'TICONA', NULL, NULL, 'CESE A SOLICITUD', NULL, NULL, 1, 3, 1, 36, 172, 'NO CUENTA CON RDR DE CESE', 'Hector Arturo Mullisaca Jaen');
INSERT INTO `docente` VALUES (1006, '01228032', 'ELBA OLINA', 'CHOQUE', 'CORONADO', '01/03/2003', '1578', 'CESE A SOLICITUD', NULL, NULL, 1, 3, 1, 36, 172, NULL, 'Hector Arturo Mullisaca Jaen');
INSERT INTO `docente` VALUES (1007, '01220516', 'ROSA', 'CHOQUEHUANCA', 'VALENCIA', '28/02/1987', '0226', 'CESE A SOLICITUD', NULL, NULL, 1, 3, 1, 36, 172, NULL, 'Hector Arturo Mullisaca Jaen');
INSERT INTO `docente` VALUES (1008, '01204321', 'LUCIO', 'CHOQUE', 'QUISPE', '31/07/1999', '5132', 'CESE A SOLICITUD', NULL, NULL, 1, 3, 1, 36, 172, NULL, 'Hector Arturo Mullisaca Jaen');
INSERT INTO `docente` VALUES (1009, '01201698', 'BENIGNO', 'CHOQUE', 'CHIRINOS', '01/07/2000', '3716', 'CESE A SOLICITUD', NULL, NULL, 1, 3, 1, 36, 172, NULL, 'Hector Arturo Mullisaca Jaen');
INSERT INTO `docente` VALUES (1010, '01223055', 'SATURNINO', 'CHURA', 'COAQUIRA', '30/04/1992', '0432', 'CESE A SOLICITUD', NULL, NULL, 1, 3, 1, 36, 172, NULL, 'Hector Arturo Mullisaca Jaen');
INSERT INTO `docente` VALUES (1011, '01219789', 'AGUSTIN', 'CHURA', 'QUISPE', '31/08/1991', '0632', 'CESE A SOLICITUD', NULL, NULL, 1, 3, 1, 36, 172, NULL, 'Hector Arturo Mullisaca Jaen');
INSERT INTO `docente` VALUES (1013, '01204671', 'JUAN JESUS', 'CHECALLA', 'SARAVIA', '31/03/1987', '0291', 'CESE A SOLICITUD', NULL, NULL, 1, 3, 1, 36, 172, NULL, 'Hector Arturo Mullisaca Jaen');
INSERT INTO `docente` VALUES (1014, '01221718', 'HILARIO', 'CHOQUEHUANCA', 'TINTAYA', '30/04/1995', '968', 'CESE A SOLICITUD', NULL, NULL, 1, 3, 1, 36, 172, NULL, 'Hector Arturo Mullisaca Jaen');
INSERT INTO `docente` VALUES (1015, '01209424', 'EMMA VICTORIA', 'CHARAJA', 'LOZA', '31/03/1994', '288', 'CESE A SOLICITUD', NULL, NULL, 1, 3, 1, 36, 172, NULL, 'Hector Arturo Mullisaca Jaen');
INSERT INTO `docente` VALUES (1016, '01278285', 'EUSEBIO', 'CHAMBI', 'TURPO', '30/07/2004', '2069', 'CESE A SOLICITUD', NULL, NULL, 1, 3, 1, 36, 172, NULL, 'Hector Arturo Mullisaca Jaen');
INSERT INTO `docente` VALUES (1017, '01205499', 'VICENTINA LOURDES', 'CHACON', 'URBINA DE SALAS', '30/06/1992', '0544', 'CESE A SOLICITUD', NULL, NULL, 1, 3, 1, 36, 172, NULL, 'Hector Arturo Mullisaca Jaen');
INSERT INTO `docente` VALUES (1018, '01200906', 'ELISEO DAVID', 'CHAMBI', 'ARI', '31/05/2011', '1414', 'CESE A SOLICITUD', NULL, NULL, 1, 3, 1, 36, 172, NULL, 'Hector Arturo Mullisaca Jaen');
INSERT INTO `docente` VALUES (1019, '01681892', 'MAXIMILIANA GUILLERMINA', 'CHAMBI', 'MAQUE', NULL, NULL, 'CESE A SOLICITUD', NULL, NULL, 1, 3, 1, 36, 172, 'NO CUENTA CON RDR DE CESE', 'Hector Arturo Mullisaca Jaen');
INSERT INTO `docente` VALUES (1020, '01225181', 'MARIA VICTORIA', 'CHAVEZ', 'MONJE', '01/12/1983', '1795', 'CESE A SOLICITUD', NULL, NULL, 1, 3, 1, 36, 172, NULL, 'Hector Arturo Mullisaca Jaen');
INSERT INTO `docente` VALUES (1021, '01230094', 'PASCUALA IGNACIA', 'CHOQUE', 'TITO DE NUÑEZ', '15/06/1997', '2568', 'CESE A SOLICITUD', NULL, NULL, 1, 3, 1, 36, 172, NULL, 'Hector Arturo Mullisaca Jaen');
INSERT INTO `docente` VALUES (1022, '01775150', 'EMETERIO', 'CHURA', 'MAMANI', '02/06/2002', '2483', 'CESE A SOLICITUD', NULL, NULL, 1, 3, 1, 36, 172, NULL, 'Hector Arturo Mullisaca Jaen');
INSERT INTO `docente` VALUES (1023, '01225569', 'VIDAL', 'CHAMBI', 'TESILLO', NULL, NULL, 'CESE A SOLICITUD', NULL, NULL, 1, 3, 1, 36, 172, 'NO CUENTA CON RDR DE CESE', 'Hector Arturo Mullisaca Jaen');
INSERT INTO `docente` VALUES (1024, '01214070', 'EFRAIN', 'CHAVEZ', 'FLORES', '30/11/1983', '1782', 'CESE A SOLICITUD', NULL, NULL, 1, 3, 1, 36, 172, NULL, 'Hector Arturo Mullisaca Jaen');
INSERT INTO `docente` VALUES (1025, '01225271', 'IMELDA EMILIA', 'CHURAYRA', 'MAQUERA', '08/07/1999', '4543', 'CESE A SOLICITUD', NULL, NULL, 1, 3, 1, 36, 172, NULL, 'Hector Arturo Mullisaca Jaen');
INSERT INTO `docente` VALUES (1026, '01236977', 'JOSEFINA', 'CHOQUE', 'OCAMPO', '31/10/1991', '0546', 'CESE A SOLICITUD', NULL, NULL, 1, 3, 1, 36, 172, NULL, 'Hector Arturo Mullisaca Jaen');
INSERT INTO `docente` VALUES (1028, '01231091', 'DAVID', 'CHARAJA', 'ORTEGA', '01/10/1983', '0464', 'CESE A SOLICITUD', NULL, NULL, 1, 3, 1, 36, 173, NULL, 'Hector Arturo Mullisaca Jaen');
INSERT INTO `docente` VALUES (1029, '01221822', 'ELIZABETH', 'CHAVEZ', 'FUENTES', NULL, NULL, 'CESE A SOLICITUD', NULL, NULL, 1, 3, 1, 36, 173, 'NO CUENTA CON RDR DE CESE', 'Hector Arturo Mullisaca Jaen');
INSERT INTO `docente` VALUES (1030, '01222286', 'JUAN RUPERTO', 'CHAMBILLA', 'PEREZ', '01/05/1985', '0293', 'CESE A SOLICITUD', NULL, NULL, 1, 3, 1, 36, 173, NULL, 'Hector Arturo Mullisaca Jaen');
INSERT INTO `docente` VALUES (1031, '01234037', 'FLORENCIO', 'CHARAJA', 'CUTIPA', '15/05/1994', '0635', 'CESE A SOLICITUD', NULL, NULL, 1, 3, 1, 36, 173, NULL, 'Hector Arturo Mullisaca Jaen');
INSERT INTO `docente` VALUES (1032, '01216576', 'ALEJANDRO', 'CHAHUARES', 'SALAS', '03/03/2001', '622', 'CESE A SOLICITUD', NULL, NULL, 1, 3, 1, 36, 173, NULL, 'Hector Arturo Mullisaca Jaen');
INSERT INTO `docente` VALUES (1033, '01260513', 'BASILIO', 'CHAHUARES', 'VELASQUEZ', NULL, NULL, 'CESE A SOLICITUD', NULL, NULL, 1, 3, 1, 36, 173, 'NO CUENTA CON RDR DE CESE', 'Hector Arturo Mullisaca Jaen');
INSERT INTO `docente` VALUES (1034, '23808982', 'MOISES SEVERO', 'CHAHUARES', 'VELASQUEZ', NULL, NULL, 'CESE A SOLICITUD', NULL, NULL, 1, 3, 1, 36, 173, 'NO CUENTA CON RDR DE CESE', 'Hector Arturo Mullisaca Jaen');
INSERT INTO `docente` VALUES (1035, '01214227', 'LEONARDO', 'CHAMBILLA', 'AROCUTIPA', '30/03/1987', '0263', 'CESE A SOLICITUD', NULL, NULL, 1, 3, 1, 36, 173, NULL, 'Hector Arturo Mullisaca Jaen');
INSERT INTO `docente` VALUES (1036, '01213231', 'ELSA MARTHA', 'CHARAJA', 'FLORES', '28/09/1999', '6711', 'CESE A SOLICITUD', NULL, NULL, 1, 3, 1, 36, 173, NULL, 'Hector Arturo Mullisaca Jaen');
INSERT INTO `docente` VALUES (1037, '04745078', 'PEDRO FRANCISCO', 'CHATA', 'MAMANI', NULL, NULL, 'CESE A SOLICITUD', NULL, NULL, 1, 3, 1, 36, 173, 'NO CUENTA CON RDR DE CESE', 'Hector Arturo Mullisaca Jaen');
INSERT INTO `docente` VALUES (1038, '10788605', 'PEDRO ISAIAS', 'CHARAJA', 'ORTEGA', '31/05/1995', NULL, 'CESE A SOLICITUD', NULL, NULL, 1, 3, 1, 36, 173, 'NO SE LOGRA VISUALIZAR EL N° DE RDR DE CESE', 'Hector Arturo Mullisaca Jaen');
INSERT INTO `docente` VALUES (1039, '01304101', 'MARIA ANTONIETA', 'CHALCO', 'GUZMAN', '07/04/1999', '2212', 'CESE A SOLICITUD', NULL, NULL, 1, 3, 1, 36, 173, NULL, 'Hector Arturo Mullisaca Jaen');
INSERT INTO `docente` VALUES (1040, '01222168', 'MARCELINO ALFREDO', 'CHARAJA', 'ORTEGA', '30/07/2003', '8111', 'CESE A SOLICITUD', NULL, NULL, 1, 3, 1, 36, 173, NULL, 'Hector Arturo Mullisaca Jaen');
INSERT INTO `docente` VALUES (1041, '01228315', 'SIXTA TEOFILA', 'ESCALANTE', 'ROJAS VDA DE VIZA', '31/12/2007', '0146', 'CESE A SOLICITUD', NULL, NULL, 1, 3, 1, 36, 174, NULL, 'Hector Arturo Mullisaca Jaen');
INSERT INTO `docente` VALUES (1042, '01205228', 'CLEMENTE', 'ESTAÑA', 'MAMANI', '31/09/1992', '1431', 'CESE A SOLICITUD', NULL, NULL, 1, 3, 1, 36, 174, NULL, 'Hector Arturo Mullisaca Jaen');
INSERT INTO `docente` VALUES (1043, '00406459', 'CIPRIANA', 'ESPEJO', 'CATUNTA', '31/08/1998', '5150', 'CESE A SOLICITUD', NULL, NULL, 1, 3, 1, 36, 174, NULL, 'Hector Arturo Mullisaca Jaen');
INSERT INTO `docente` VALUES (1044, '01214192', 'VALENTINA ADELA', 'EXCELMES', 'LOZA DE HUANCA', '30/04/1996', '1509', 'CESE A SOLICITUD', NULL, NULL, 1, 3, 1, 36, 174, NULL, 'Hector Arturo Mullisaca Jaen');
INSERT INTO `docente` VALUES (1045, '01231784', 'fortunata', 'endara', 'condori', '31/08/1997', '1496', 'CESE A SOLICITUD', NULL, NULL, 1, 3, 1, 36, 174, 'REFERENCIA DE CESE: RESOLUCION N° 9711\r\nNO CUENTA CON RDR DE CESE', 'Hector Arturo Mullisaca Jaen');
INSERT INTO `docente` VALUES (1046, '01200530', 'ANTONIO CARLOS', 'ESCALANTE', 'CATACORA', '31/08/1984', '1156', 'CESE A SOLICITUD', NULL, NULL, 1, 3, 1, 36, 174, NULL, 'Hector Arturo Mullisaca Jaen');
INSERT INTO `docente` VALUES (1047, '01225082', 'MARIA ELSA', 'ECHEGARAY', 'MUÑOZ', '31/01/1996', '620', 'CESE A SOLICITUD', NULL, NULL, 1, 3, 1, 36, 174, NULL, 'Hector Arturo Mullisaca Jaen');
INSERT INTO `docente` VALUES (1048, '01229396', 'CELESTINO', 'ESTEBA', 'MAMANI', '01/06/1985', '0767', 'CESE A SOLICITUD', NULL, NULL, 1, 3, 1, 36, 174, NULL, 'Hector Arturo Mullisaca Jaen');
INSERT INTO `docente` VALUES (1049, '01210795', 'CIPRIANO', 'ESCOBAR', 'MARCA', NULL, NULL, 'CESE A SOLICITUD', NULL, NULL, 1, 3, 1, 36, 174, 'NO CUENTA CON RDR DE CESE', 'Hector Arturo Mullisaca Jaen');
INSERT INTO `docente` VALUES (1050, '08497117', 'NELLY TEODORA', 'ESQUIVEL', 'URVIOLA', '02/08/2002', '10002', 'CESE A SOLICITUD', NULL, NULL, 1, 3, 1, 36, 174, NULL, 'Hector Arturo Mullisaca Jaen');
INSERT INTO `docente` VALUES (1051, '01268238', 'SANTOS CIRILO', 'ESPINOZA', 'QUISPE', NULL, NULL, 'CESE A SOLICITUD', NULL, NULL, 1, 3, 1, 36, 174, 'NO CUENTA CON RDR DE CESE', 'Hector Arturo Mullisaca Jaen');
INSERT INTO `docente` VALUES (1052, '01232435', 'MARCELO', 'ESTRADA', 'CHACON', NULL, NULL, 'CESE A SOLICITUD', NULL, NULL, 1, 3, 1, 36, 174, 'NO CUENTA CON RDR DE CESE', 'Hector Arturo Mullisaca Jaen');
INSERT INTO `docente` VALUES (1053, '01205839', 'JULIO', 'FERNANDEZ', 'CHOQUE', '01/03/2011', '0257', 'CESE A SOLICITUD', NULL, NULL, 1, 3, 1, 36, 175, NULL, 'Hector Arturo Mullisaca Jaen');
INSERT INTO `docente` VALUES (1054, '01212640', 'RAYMUNDO LORENZO', 'FARFAN', 'ESTREMADOYRO', '30/04/1996', '1371', 'CESE A SOLICITUD', NULL, NULL, 1, 3, 1, 36, 175, NULL, 'Hector Arturo Mullisaca Jaen');
INSERT INTO `docente` VALUES (1055, '29421442', 'IMELDA TIMOTEA', 'FRISANCHO', 'GARNICA VDA DE GORDILLO', '03/03/1988', '0343', 'CESE A SOLICITUD', NULL, NULL, 1, 3, 1, 36, 175, NULL, 'Hector Arturo Mullisaca Jaen');
INSERT INTO `docente` VALUES (1056, '01204657', 'FRUCTUOSO ALONSO', 'FERNANDEZ', 'NUÑEZ', '31/10/1991', '0545', 'CESE A SOLICITUD', NULL, NULL, 1, 3, 1, 36, 175, NULL, 'Hector Arturo Mullisaca Jaen');
INSERT INTO `docente` VALUES (1057, '01204258', 'PEDRO NOLBERTO', 'FLORES', 'MAMANI', NULL, NULL, 'CESE A SOLICITUD', NULL, NULL, 1, 3, 1, 36, 175, 'NO CUENTA CON RDR DE CESE', 'Hector Arturo Mullisaca Jaen');
INSERT INTO `docente` VALUES (1058, '01227881', 'FLORA HAYDEE', 'FRISANCHO', 'GARNICA', '01/11/1985', '1316', 'CESE A SOLICITUD', NULL, NULL, 1, 3, 1, 36, 175, NULL, 'Hector Arturo Mullisaca Jaen');
INSERT INTO `docente` VALUES (1059, '01225134', 'ROMUALDA HORTENCIA', 'FLORES', 'ORDOÑEZ', '31/10/1991', '0409', 'CESE A SOLICITUD', NULL, NULL, 1, 3, 1, 36, 175, NULL, 'Hector Arturo Mullisaca Jaen');
INSERT INTO `docente` VALUES (1060, '01204268', 'JOSE LUIS', 'FRANCO', 'ROSADO', '30/06/1992', '0723', 'CESE A SOLICITUD', NULL, NULL, 1, 3, 1, 36, 175, NULL, 'Hector Arturo Mullisaca Jaen');
INSERT INTO `docente` VALUES (1061, '01201205', 'BEATRIS BERTHA', 'FLORES', 'CHALCO', '01/10/2000', '5659', 'CESE A SOLICITUD', NULL, NULL, 1, 3, 1, 36, 175, NULL, 'Hector Arturo Mullisaca Jaen');
INSERT INTO `docente` VALUES (1062, '01221676', 'HUGO MIGUEL', 'FORAQUITA', 'ENRIQUEZ', '30/09/1991', '0270', 'CESE A SOLICITUD', NULL, NULL, 1, 3, 1, 1, 175, NULL, 'Hector Arturo Mullisaca Jaen');
INSERT INTO `docente` VALUES (1063, '01204796', 'JULIA', 'FLORES', 'VALDERRAMA', '01/10/2002', '10003', 'CESE A SOLICITUD', NULL, NULL, 1, 3, 1, 36, 175, NULL, 'Hector Arturo Mullisaca Jaen');
INSERT INTO `docente` VALUES (1064, '01206045', 'SANTIAGO', 'FLORES', 'QUISPE', '28/02/1987', '0136', 'CESE A SOLICITUD', NULL, NULL, 1, 3, 1, 36, 175, NULL, 'Hector Arturo Mullisaca Jaen');
INSERT INTO `docente` VALUES (1065, '01219844', 'PEDRO RAUL', 'FLORES', 'TICONA', '31/03/1987', '0403', 'CESE A SOLICITUD', NULL, NULL, 1, 3, 1, 36, 175, NULL, 'Hector Arturo Mullisaca Jaen');
INSERT INTO `docente` VALUES (1066, '01285110', 'VICTOR', 'FLORES', 'PONCE', '01/05/2003', '3567', 'CESE A SOLICITUD', NULL, NULL, 1, 3, 1, 36, 175, NULL, 'Hector Arturo Mullisaca Jaen');
INSERT INTO `docente` VALUES (1067, '01211691', 'PEDRO', 'FLORES', 'MENDOZA', '31/03/1988', '0129', 'CESE A SOLICITUD', NULL, NULL, 1, 3, 1, 36, 175, NULL, 'Hector Arturo Mullisaca Jaen');
INSERT INTO `docente` VALUES (1068, '01233867', 'REYNA ALEJANDRINA', 'FUENTES', 'NINA', '02/05/2002', '2258', 'CESE A SOLICITUD', NULL, NULL, 1, 3, 1, 36, 175, NULL, 'Hector Arturo Mullisaca Jaen');
INSERT INTO `docente` VALUES (1069, '01281144', 'EVA AMBROSIA', 'FUENTES', 'NINA DE PACORI', '31/05/1996', '2006', 'CESE A SOLICITUD', NULL, NULL, 1, 3, 1, 36, 175, NULL, 'Hector Arturo Mullisaca Jaen');
INSERT INTO `docente` VALUES (1070, '01334534', 'JOSE LUIS', 'FUENTES', 'DIAZ', '01/12/1990', '156', 'CESE A SOLICITUD', NULL, NULL, 1, 3, 1, 36, 175, NULL, 'Hector Arturo Mullisaca Jaen');
INSERT INTO `docente` VALUES (1071, '01206184', 'FACUNDO', 'FLORES', 'SARDON', NULL, NULL, 'CESE A SOLICITUD', NULL, NULL, 1, 3, 1, 36, 175, 'NO CUENTA CON RDR DE CESE', 'Hector Arturo Mullisaca Jaen');
INSERT INTO `docente` VALUES (1072, '01203602', 'NELLY YOLANDA', 'FLORES', 'FRANCO', '11/08/2001', '5326', 'CESE A SOLICITUD', NULL, NULL, 1, 3, 1, 36, 175, NULL, 'Hector Arturo Mullisaca Jaen');
INSERT INTO `docente` VALUES (1073, '01230207', 'BIBIANA', 'FLORES', 'ARIAS', '02/08/2002', '7726', 'CESE A SOLICITUD', NULL, NULL, 1, 3, 1, 36, 176, NULL, 'Hector Arturo Mullisaca Jaen');
INSERT INTO `docente` VALUES (1074, '01206274', 'PEDRO PABLO', 'FLORES', 'CONDORI', '31/05/1992', '0411', 'CESE A SOLICITUD', NULL, NULL, 1, 3, 1, 36, 176, NULL, 'Hector Arturo Mullisaca Jaen');
INSERT INTO `docente` VALUES (1075, '01200911', 'MARIA REBECA', 'FLORES', 'CLAVIJO', '30/06/1997', '2957', 'CESE A SOLICITUD', NULL, NULL, 1, 3, 1, 36, 176, NULL, 'Hector Arturo Mullisaca Jaen');
INSERT INTO `docente` VALUES (1076, '01205342', 'FELIX LUCIO', 'FLORES', 'CLAVIJO', '10/03/2010', '0712', 'CESE A SOLICITUD', NULL, NULL, 1, 3, 1, 36, 176, NULL, 'Hector Arturo Mullisaca Jaen');
INSERT INTO `docente` VALUES (1077, '01233719', 'GABRIELA', 'FIGUEROA', 'SANCHEZ', '31/05/1998', '2481', 'CESE A SOLICITUD', NULL, NULL, 1, 3, 1, 36, 176, NULL, 'Hector Arturo Mullisaca Jaen');
INSERT INTO `docente` VALUES (1078, '01230716', 'RICARDO', 'FIGUEROA', 'MOLINA', '15/07/1996', '2992', 'CESE A SOLICITUD', NULL, NULL, 1, 3, 1, 36, 176, NULL, 'Hector Arturo Mullisaca Jaen');
INSERT INTO `docente` VALUES (1079, '01231047', 'NIDIA MERCEDES', 'FRISANCHO', 'ALEMAN', '30/09/1991', '0223', 'CESE A SOLICITUD', NULL, NULL, 1, 3, 1, 36, 176, NULL, 'Hector Arturo Mullisaca Jaen');
INSERT INTO `docente` VALUES (1080, '01211039', 'ISAIAS', 'FLORES', 'LIMACHI', '01/03/2003', '1726', 'CESE A SOLICITUD', NULL, NULL, 1, 3, 1, 36, 176, NULL, 'Hector Arturo Mullisaca Jaen');
INSERT INTO `docente` VALUES (1081, '01226901', 'OSCAR', 'FERNANDEZ', 'VILLA', '01/04/1987', '0353', 'CESE A SOLICITUD', NULL, NULL, 1, 3, 1, 36, 176, NULL, 'Hector Arturo Mullisaca Jaen');
INSERT INTO `docente` VALUES (1082, '01289685', 'ANSELMO', 'FLORES', 'PARI', '30/11/1991', '0748', 'CESE A SOLICITUD', NULL, NULL, 1, 3, 1, 36, 176, NULL, 'Hector Arturo Mullisaca Jaen');
INSERT INTO `docente` VALUES (1083, '01219389', 'NARCISA ESPERANZA', 'FERNANDEZ', 'CORTEGANA', NULL, NULL, 'CESE A SOLICITUD', NULL, NULL, 1, 3, 1, 36, 176, 'NO CUENTA CON RDR DE CESE', 'Hector Arturo Mullisaca Jaen');
INSERT INTO `docente` VALUES (1084, '01234896', 'ISAIAS JACOBS', 'FLORES', 'ORTEGA', NULL, NULL, 'CESE A SOLICITUD', NULL, NULL, 1, 3, 1, 36, 176, 'NO CUENTA CON RDR DE CESE', 'Hector Arturo Mullisaca Jaen');
INSERT INTO `docente` VALUES (1085, '01218636', 'HERNAN FREDY', 'FRANCO', 'GARNICA', '30/04/1997', '1258', 'CESE A SOLICITUD', NULL, NULL, 1, 3, 1, 36, 176, NULL, 'Hector Arturo Mullisaca Jaen');
INSERT INTO `docente` VALUES (1086, '01234073', 'ANTONIO MARCIAL', 'FLORES', 'MENA', '30/11/1992', '1905', 'CESE A SOLICITUD', NULL, NULL, 1, 3, 1, 36, 176, NULL, 'Hector Arturo Mullisaca Jaen');
INSERT INTO `docente` VALUES (1087, '01293557', 'HIPOLITO CASIANO', 'FERNANDEZ', 'MONTEAGUIDO', '30/04/1997', NULL, 'CESE A SOLICITUD', NULL, NULL, 1, 3, 1, 36, 176, 'NO SE LOGRA VISUALIZAR EL N° DE RDR DE CESE', 'Hector Arturo Mullisaca Jaen');
INSERT INTO `docente` VALUES (1088, '01230817', 'MARIANO FILIBERTO', 'FLORES', 'BAILON', NULL, NULL, 'CESE A SOLICITUD', NULL, NULL, 1, 3, 1, 36, 176, 'NO CUENTA CON RDR DE CESE', 'Hector Arturo Mullisaca Jaen');
INSERT INTO `docente` VALUES (1089, '01223875', 'MARIO GREGORIO', 'FLORES', 'MEDINA', '29/02/1996', '997', 'CESE A SOLICITUD', NULL, NULL, 1, 3, 1, 36, 176, NULL, 'Hector Arturo Mullisaca Jaen');
INSERT INTO `docente` VALUES (1090, '01218074', 'ADRIAN', 'FLORES', 'PONCE', '01/08/2003', '8113', 'CESE A SOLICITUD', NULL, NULL, 1, 3, 1, 36, 176, NULL, 'Hector Arturo Mullisaca Jaen');
INSERT INTO `docente` VALUES (1091, '01206871', 'NELLY NANCY', 'GONZALES', 'FLORES', '31/10/1995', '2133', 'CESE A SOLICITUD', NULL, NULL, 1, 3, 1, 36, 177, NULL, 'Hector Arturo Mullisaca Jaen');
INSERT INTO `docente` VALUES (1092, '01280985', 'ELSA DOMINGA', 'GARCIA', 'RONDON', '13/04/1999', '2578', 'CESE A SOLICITUD', NULL, NULL, 1, 3, 1, 36, 177, NULL, 'Hector Arturo Mullisaca Jaen');
INSERT INTO `docente` VALUES (1093, '01206002', 'JUAN RUPERTO', 'GUERRA', 'VALERO', '31/08/1982', '0812', 'CESE A SOLICITUD', NULL, NULL, 1, 3, 1, 36, 177, NULL, 'Hector Arturo Mullisaca Jaen');
INSERT INTO `docente` VALUES (1094, '01212044', 'FELIPA YOLANDA', 'GONZALES', 'RIOS', '31/03/1987', '0284', 'CESE A SOLICITUD', NULL, NULL, 1, 3, 1, 36, 177, NULL, 'Hector Arturo Mullisaca Jaen');
INSERT INTO `docente` VALUES (1095, '01206369', 'MARIANO NATIVIDAD', 'GOMEZ', 'CONDORI', '01/08/2002', '6616', 'CESE A SOLICITUD', NULL, NULL, 1, 3, 1, 36, 177, NULL, 'Hector Arturo Mullisaca Jaen');
INSERT INTO `docente` VALUES (1096, '48823660', 'TOMASA', 'GONZALES', 'LOPEZ', '30/09/1993', '1465', 'CESE A SOLICITUD', NULL, NULL, 1, 3, 1, 36, 177, NULL, 'Hector Arturo Mullisaca Jaen');
INSERT INTO `docente` VALUES (1097, '01204474', 'ENRIQUE', 'GUILLEN', 'ARI', NULL, NULL, 'CESE A SOLICITUD', NULL, NULL, 1, 3, 1, 36, 177, 'NO CUENTA CON RDR DE CESE', 'Hector Arturo Mullisaca Jaen');
INSERT INTO `docente` VALUES (1098, '01211536', 'MARIA AUXILIADORA', 'GUILLEN', 'RICALDE', '30/09/1984', '1212', 'CESE A SOLICITUD', NULL, NULL, 1, 3, 1, 36, 177, NULL, 'Hector Arturo Mullisaca Jaen');
INSERT INTO `docente` VALUES (1099, '30859111', 'NANCY JOSEFINA', 'GOYZUETA', 'MURILLO', '30/09/1991', '0271', 'CESE A SOLICITUD', NULL, NULL, 1, 3, 1, 36, 177, NULL, 'Hector Arturo Mullisaca Jaen');
INSERT INTO `docente` VALUES (1100, '01207023', 'MERY REINELDA JUANA', 'GONZALES', 'TORRES DE TORRES', '30/06/1992', '0631', 'CESE A SOLICITUD', NULL, NULL, 1, 3, 1, 36, 177, NULL, 'Hector Arturo Mullisaca Jaen');
INSERT INTO `docente` VALUES (1101, '01230057', 'AGUSTINA', 'GUERRA', 'QUILCA', '30/09/1991', '0214', 'CESE A SOLICITUD', NULL, NULL, 1, 3, 1, 36, 177, NULL, 'Hector Arturo Mullisaca Jaen');
INSERT INTO `docente` VALUES (1102, '01230729', 'MAGUID WILFREDO', 'GUTIERREZ', 'ROMERO', '30/06/1992', '0671', 'CESE A SOLICITUD', NULL, NULL, 1, 3, 1, 36, 177, NULL, 'Hector Arturo Mullisaca Jaen');
INSERT INTO `docente` VALUES (1103, '01809757', 'AURELIO', 'GOMEZ', 'ROQUE', '01/03/1991', '0439', 'CESE A SOLICITUD', NULL, NULL, 1, 3, 1, 36, 177, NULL, 'Hector Arturo Mullisaca Jaen');
INSERT INTO `docente` VALUES (1104, '01213153', 'JUAN GUILLERMO', 'GARNICA', 'ROSADO', '01/07/1985', '0714', 'CESE A SOLICITUD', NULL, NULL, 1, 3, 1, 36, 177, NULL, 'Hector Arturo Mullisaca Jaen');
INSERT INTO `docente` VALUES (1105, '01224803', 'GLADYS ESTHER', 'GALINDO', 'MENDOZA', '02/04/2002', '1033', 'CESE A SOLICITUD', NULL, NULL, 1, 3, 1, 36, 177, NULL, 'Hector Arturo Mullisaca Jaen');
INSERT INTO `docente` VALUES (1106, '01231070', 'bety', 'gutierrez', 'valdez', '02/05/2003', '3759', 'CESE A SOLICITUD', NULL, NULL, 1, 3, 1, 36, 177, NULL, 'Hector Arturo Mullisaca Jaen');
INSERT INTO `docente` VALUES (1107, '01214111', 'SUSANA', 'GALINDO', 'ACOSTA', '30/06/1991', '0333', 'CESE A SOLICITUD', NULL, NULL, 1, 3, 1, 36, 178, NULL, 'Hector Arturo Mullisaca Jaen');
INSERT INTO `docente` VALUES (1108, '01230410', 'ALEJANDRINA CARIDAD', 'GUEVARA', 'PAREDES', '30/09/1991', '0205', 'CESE A SOLICITUD', NULL, NULL, 1, 3, 1, 36, 178, NULL, 'Hector Arturo Mullisaca Jaen');
INSERT INTO `docente` VALUES (1109, '01212903', 'FELIPE SANTIAGO', 'GALINDO', 'OHA', '31/05/1997', '2363', 'CESE A SOLICITUD', NULL, NULL, 1, 3, 1, 36, 178, NULL, 'Hector Arturo Mullisaca Jaen');
INSERT INTO `docente` VALUES (1110, '01210573', 'SABINO CEFERINO', 'GUTIERREZ', 'CHINO', '31/05/1994', '0670', 'CESE A SOLICITUD', NULL, NULL, 1, 3, 1, 36, 178, NULL, 'Hector Arturo Mullisaca Jaen');
INSERT INTO `docente` VALUES (1111, '01234396', 'FLAVIA BRIGIDA', 'GALLEGOS', 'RAMOS', '01/11/1999', '7938', 'CESE A SOLICITUD', NULL, NULL, 1, 3, 1, 36, 178, NULL, 'Hector Arturo Mullisaca Jaen');

-- ----------------------------
-- Table structure for estado
-- ----------------------------
DROP TABLE IF EXISTS `estado`;
CREATE TABLE `estado`  (
  `id_est` int NOT NULL,
  `est_name` varchar(255) CHARACTER SET utf8mb4 COLLATE utf8mb4_spanish2_ci NULL DEFAULT NULL,
  PRIMARY KEY (`id_est`) USING BTREE
) ENGINE = InnoDB CHARACTER SET = utf8mb4 COLLATE = utf8mb4_spanish2_ci ROW_FORMAT = DYNAMIC;

-- ----------------------------
-- Records of estado
-- ----------------------------
INSERT INTO `estado` VALUES (1, 'ACTIVO');
INSERT INTO `estado` VALUES (2, 'CESANTE');
INSERT INTO `estado` VALUES (3, 'PENSIONISTA');
INSERT INTO `estado` VALUES (4, 'NO LEGIX');

-- ----------------------------
-- Table structure for failed_jobs
-- ----------------------------
DROP TABLE IF EXISTS `failed_jobs`;
CREATE TABLE `failed_jobs`  (
  `id` bigint UNSIGNED NOT NULL AUTO_INCREMENT,
  `uuid` varchar(255) CHARACTER SET utf8mb4 COLLATE utf8mb4_unicode_ci NOT NULL,
  `connection` text CHARACTER SET utf8mb4 COLLATE utf8mb4_unicode_ci NOT NULL,
  `queue` text CHARACTER SET utf8mb4 COLLATE utf8mb4_unicode_ci NOT NULL,
  `payload` longtext CHARACTER SET utf8mb4 COLLATE utf8mb4_unicode_ci NOT NULL,
  `exception` longtext CHARACTER SET utf8mb4 COLLATE utf8mb4_unicode_ci NOT NULL,
  `failed_at` timestamp NOT NULL DEFAULT CURRENT_TIMESTAMP,
  PRIMARY KEY (`id`) USING BTREE,
  UNIQUE INDEX `failed_jobs_uuid_unique`(`uuid` ASC) USING BTREE
) ENGINE = InnoDB AUTO_INCREMENT = 1 CHARACTER SET = utf8mb4 COLLATE = utf8mb4_unicode_ci ROW_FORMAT = DYNAMIC;

-- ----------------------------
-- Records of failed_jobs
-- ----------------------------

-- ----------------------------
-- Table structure for institucion
-- ----------------------------
DROP TABLE IF EXISTS `institucion`;
CREATE TABLE `institucion`  (
  `id_inst` int NOT NULL,
  `inst_cod_mod` int NULL DEFAULT NULL,
  `inst_name` varchar(255) CHARACTER SET utf8mb4 COLLATE utf8mb4_spanish2_ci NULL DEFAULT NULL,
  `inst_lugar` varchar(255) CHARACTER SET utf8mb4 COLLATE utf8mb4_spanish2_ci NULL DEFAULT NULL,
  `id_tipo` int NULL DEFAULT NULL,
  PRIMARY KEY (`id_inst`) USING BTREE,
  INDEX `fk_inst_tipoinst`(`id_tipo` ASC) USING BTREE,
  CONSTRAINT `fk_inst_tipoinst` FOREIGN KEY (`id_tipo`) REFERENCES `tipoinst` (`id_tipo`) ON DELETE RESTRICT ON UPDATE RESTRICT
) ENGINE = InnoDB CHARACTER SET = utf8mb4 COLLATE = utf8mb4_spanish2_ci ROW_FORMAT = DYNAMIC;

-- ----------------------------
-- Records of institucion
-- ----------------------------
INSERT INTO `institucion` VALUES (1, 1025279, 'ACORA', 'ACORA', 1);
INSERT INTO `institucion` VALUES (2, 1026319, 'ANDRES AVELINO CACERES', 'PUTINA', 1);
INSERT INTO `institucion` VALUES (3, 716779, 'AYAVIRI', 'AYAVIRI', 1);
INSERT INTO `institucion` VALUES (4, 1273911, 'AYAVIRI', 'AYAVIRI', 4);
INSERT INTO `institucion` VALUES (5, 630558, 'AZANGARO', 'AZANGARO', 4);
INSERT INTO `institucion` VALUES (6, 1390004, 'CHUPA', 'CHUPA', 1);
INSERT INTO `institucion` VALUES (7, 1025089, 'CABANILLAS', 'CABANILLAS', 1);
INSERT INTO `institucion` VALUES (8, 1029404, 'DESAGUADERO', 'DESAGUADERO', 1);
INSERT INTO `institucion` VALUES (10, 1025683, 'HUANCANE', 'HUANCANE', 4);
INSERT INTO `institucion` VALUES (11, 0, 'DREP', 'PUNO', 0);
INSERT INTO `institucion` VALUES (12, 481218, 'JOSE ANTONIO ENCINAS', 'PUNO', 1);
INSERT INTO `institucion` VALUES (13, 1028554, 'NUÑOA', 'NUÑOA', 1);
INSERT INTO `institucion` VALUES (14, 630616, 'EDUCACION FISICA LAMPA', 'LAMPA', 3);
INSERT INTO `institucion` VALUES (15, 1027754, 'JULI', 'JULI', 4);
INSERT INTO `institucion` VALUES (16, 474320, 'PUNO', 'PUNO', 4);
INSERT INTO `institucion` VALUES (17, 239970, 'JULIACA', 'JULIACA', 7);
INSERT INTO `institucion` VALUES (18, 702837, 'JULIACA', 'JULIACA', 6);
INSERT INTO `institucion` VALUES (19, 240135, 'PUNO', 'PUNO', 6);
INSERT INTO `institucion` VALUES (20, 481226, 'MANUEL NUÑEZ BUTRON', 'JULIACA', 1);
INSERT INTO `institucion` VALUES (21, 1027085, 'ILAVE', 'ILAVE', 1);
INSERT INTO `institucion` VALUES (22, 1025691, 'HUANCANE', 'HUANCANE', 1);
INSERT INTO `institucion` VALUES (23, 1025824, 'MUÑANI', 'MUÑANI', 1);
INSERT INTO `institucion` VALUES (24, 1029297, 'YUNGUYO', 'YUNGUYO', 1);
INSERT INTO `institucion` VALUES (25, 1580034, 'SANTA ROSA', 'SANTA ROSA', 1);
INSERT INTO `institucion` VALUES (26, 1028919, 'SAN JUAN DEL ORO', 'SAN JUAN DEL ORO', 1);
INSERT INTO `institucion` VALUES (27, 630467, 'JULI', 'JULI', 1);
INSERT INTO `institucion` VALUES (28, 1276492, 'MAÑAZO', 'MAÑAZO', 1);
INSERT INTO `institucion` VALUES (29, 1024785, 'MACUSANI', 'MACUSANI', 1);
INSERT INTO `institucion` VALUES (30, NULL, 'CAPACHICA', 'CAPACHICA', 1);
INSERT INTO `institucion` VALUES (31, 1351956, 'SANTA LUCIA', 'SANTA LUCIA', 1);
INSERT INTO `institucion` VALUES (32, 1029404, 'DESAGUADERO', 'DESAGUADERO', 1);
INSERT INTO `institucion` VALUES (33, 1023514, 'PEDRO VILCAPAZA', 'AZANGARO', 1);
INSERT INTO `institucion` VALUES (34, 1025584, 'PILCUYO', 'PILCUYO', 6);
INSERT INTO `institucion` VALUES (35, 1027564, 'MOHO', 'MOHO', 6);
INSERT INTO `institucion` VALUES (36, NULL, 'OTROS', 'OTROS', 8);

-- ----------------------------
-- Table structure for ley
-- ----------------------------
DROP TABLE IF EXISTS `ley`;
CREATE TABLE `ley`  (
  `id_ley` int NOT NULL,
  `ley_num` varchar(255) CHARACTER SET utf8mb4 COLLATE utf8mb4_spanish2_ci NULL DEFAULT NULL,
  `ley_name` varchar(255) CHARACTER SET utf8mb4 COLLATE utf8mb4_spanish2_ci NULL DEFAULT NULL,
  PRIMARY KEY (`id_ley`) USING BTREE
) ENGINE = InnoDB CHARACTER SET = utf8mb4 COLLATE = utf8mb4_spanish2_ci ROW_FORMAT = DYNAMIC;

-- ----------------------------
-- Records of ley
-- ----------------------------
INSERT INTO `ley` VALUES (1, '	LEY 24029', 'LEY DEL PROFESORADO');
INSERT INTO `ley` VALUES (2, 'LEY 30512', 'EDUCACIÓN SUPERIOR NO UNIVERSITARIA NOMBRADOS');
INSERT INTO `ley` VALUES (3, 'DECRETO LEGISLATIVO 276', 'CARRERA ADMINISTRATIVA');
INSERT INTO `ley` VALUES (4, 'LEY 29944', 'REFORMA MAGISTERIAL');
INSERT INTO `ley` VALUES (5, 'DECRETO LEGISLATIVO 1057', 'CAS');
INSERT INTO `ley` VALUES (6, 'LEY 30057', 'LEY SERVIR');

-- ----------------------------
-- Table structure for migrations
-- ----------------------------
DROP TABLE IF EXISTS `migrations`;
CREATE TABLE `migrations`  (
  `id` int UNSIGNED NOT NULL AUTO_INCREMENT,
  `migration` varchar(255) CHARACTER SET utf8mb4 COLLATE utf8mb4_unicode_ci NOT NULL,
  `batch` int NOT NULL,
  PRIMARY KEY (`id`) USING BTREE
) ENGINE = InnoDB AUTO_INCREMENT = 5 CHARACTER SET = utf8mb4 COLLATE = utf8mb4_unicode_ci ROW_FORMAT = DYNAMIC;

-- ----------------------------
-- Records of migrations
-- ----------------------------
INSERT INTO `migrations` VALUES (1, '2014_10_12_000000_create_users_table', 1);
INSERT INTO `migrations` VALUES (2, '2014_10_12_100000_create_password_resets_table', 1);
INSERT INTO `migrations` VALUES (3, '2019_08_19_000000_create_failed_jobs_table', 1);
INSERT INTO `migrations` VALUES (4, '2019_12_14_000001_create_personal_access_tokens_table', 1);

-- ----------------------------
-- Table structure for password_resets
-- ----------------------------
DROP TABLE IF EXISTS `password_resets`;
CREATE TABLE `password_resets`  (
  `email` varchar(255) CHARACTER SET utf8mb4 COLLATE utf8mb4_unicode_ci NOT NULL,
  `token` varchar(255) CHARACTER SET utf8mb4 COLLATE utf8mb4_unicode_ci NOT NULL,
  `created_at` timestamp NULL DEFAULT NULL,
  PRIMARY KEY (`email`) USING BTREE
) ENGINE = InnoDB CHARACTER SET = utf8mb4 COLLATE = utf8mb4_unicode_ci ROW_FORMAT = DYNAMIC;

-- ----------------------------
-- Records of password_resets
-- ----------------------------
INSERT INTO `password_resets` VALUES ('soyveronicalaurajuarez@gmail.com', '$2y$10$krGMvr7KflGkyQ0WlA1raeawqRglsD.ECbFx9X5gj6NzrAilLy0oy', '2023-02-28 15:50:20');

-- ----------------------------
-- Table structure for personal_access_tokens
-- ----------------------------
DROP TABLE IF EXISTS `personal_access_tokens`;
CREATE TABLE `personal_access_tokens`  (
  `id` bigint UNSIGNED NOT NULL AUTO_INCREMENT,
  `tokenable_type` varchar(255) CHARACTER SET utf8mb4 COLLATE utf8mb4_unicode_ci NOT NULL,
  `tokenable_id` bigint UNSIGNED NOT NULL,
  `name` varchar(255) CHARACTER SET utf8mb4 COLLATE utf8mb4_unicode_ci NOT NULL,
  `token` varchar(64) CHARACTER SET utf8mb4 COLLATE utf8mb4_unicode_ci NOT NULL,
  `abilities` text CHARACTER SET utf8mb4 COLLATE utf8mb4_unicode_ci NULL,
  `last_used_at` timestamp NULL DEFAULT NULL,
  `expires_at` timestamp NULL DEFAULT NULL,
  `created_at` timestamp NULL DEFAULT NULL,
  `updated_at` timestamp NULL DEFAULT NULL,
  PRIMARY KEY (`id`) USING BTREE,
  UNIQUE INDEX `personal_access_tokens_token_unique`(`token` ASC) USING BTREE,
  INDEX `personal_access_tokens_tokenable_type_tokenable_id_index`(`tokenable_type` ASC, `tokenable_id` ASC) USING BTREE
) ENGINE = InnoDB AUTO_INCREMENT = 1 CHARACTER SET = utf8mb4 COLLATE = utf8mb4_unicode_ci ROW_FORMAT = DYNAMIC;

-- ----------------------------
-- Records of personal_access_tokens
-- ----------------------------

-- ----------------------------
-- Table structure for tipoinst
-- ----------------------------
DROP TABLE IF EXISTS `tipoinst`;
CREATE TABLE `tipoinst`  (
  `id_tipo` int NOT NULL,
  `tipo_inst` varchar(255) CHARACTER SET utf8mb4 COLLATE utf8mb4_spanish2_ci NULL DEFAULT NULL,
  PRIMARY KEY (`id_tipo`) USING BTREE
) ENGINE = InnoDB CHARACTER SET = utf8mb4 COLLATE = utf8mb4_spanish2_ci ROW_FORMAT = DYNAMIC;

-- ----------------------------
-- Records of tipoinst
-- ----------------------------
INSERT INTO `tipoinst` VALUES (0, 'SEDE');
INSERT INTO `tipoinst` VALUES (1, 'IESTP');
INSERT INTO `tipoinst` VALUES (2, 'ISEP');
INSERT INTO `tipoinst` VALUES (3, 'ISEPF');
INSERT INTO `tipoinst` VALUES (4, 'IESPP');
INSERT INTO `tipoinst` VALUES (6, 'ESFAP');
INSERT INTO `tipoinst` VALUES (7, 'EESPP');
INSERT INTO `tipoinst` VALUES (8, 'EBR');

-- ----------------------------
-- Table structure for users
-- ----------------------------
DROP TABLE IF EXISTS `users`;
CREATE TABLE `users`  (
  `id` int UNSIGNED NOT NULL AUTO_INCREMENT,
  `name` varchar(255) CHARACTER SET utf8mb4 COLLATE utf8mb4_unicode_ci NOT NULL,
  `email` varchar(255) CHARACTER SET utf8mb4 COLLATE utf8mb4_unicode_ci NOT NULL,
  `email_verified_at` timestamp NULL DEFAULT NULL,
  `password` varchar(255) CHARACTER SET utf8mb4 COLLATE utf8mb4_unicode_ci NOT NULL,
  `remember_token` varchar(100) CHARACTER SET utf8mb4 COLLATE utf8mb4_unicode_ci NULL DEFAULT NULL,
  `created_at` timestamp NULL DEFAULT NULL,
  `updated_at` timestamp NULL DEFAULT NULL,
  PRIMARY KEY (`id`) USING BTREE,
  UNIQUE INDEX `users_email_unique`(`email` ASC) USING BTREE
) ENGINE = InnoDB AUTO_INCREMENT = 7 CHARACTER SET = utf8mb4 COLLATE = utf8mb4_unicode_ci ROW_FORMAT = DYNAMIC;

-- ----------------------------
-- Records of users
-- ----------------------------
INSERT INTO `users` VALUES (1, 'Arhyel Ramos', 'arhyel.860@gmail.com', NULL, '$2y$10$92IXUNpkjO0rOQ5byMi.Ye4oKoEa3Ro9llC/.og/at2.uheWG/igi', 'mEdFKH9rbzbIVqlxG9Fa0kAkvvgdc5y46tw10E1RoOKmzX316W5ZVdw0o9Mw', '2023-01-19 15:54:57', '2023-01-19 15:54:57');
INSERT INTO `users` VALUES (2, 'Philippe Flores', 'arhyel.8601@gmail.com', NULL, '$2y$10$jfPP1wJUfWeKfbRYS0MtwOtr9GC/SbvSoAjO1zYtRJ7FQOnNswFTu', NULL, '2023-01-20 15:31:04', '2023-01-20 15:31:04');
INSERT INTO `users` VALUES (3, 'ALAN FERNANDEZ', 'escalafon@gmail.com', NULL, '$2y$10$F4ybiixjGsGaIfjBSgNWg.jpr1MHaZNQ/6bO.3uQH7qACs9svv.IS', NULL, '2023-02-17 16:33:35', '2023-02-17 16:33:35');
INSERT INTO `users` VALUES (4, 'VERONICA LAURA JUAREZ', 'soyveronicalaurajuarez@gmail.com', NULL, '$2y$10$Oqwj6CcGjhy3pMSvk0HK8OuNh07xxW4ag/eur/KR5IMBIhwSc7QYK', NULL, '2023-02-17 16:47:52', '2023-02-17 16:47:52');
INSERT INTO `users` VALUES (5, 'ELBA ROMERO', 'elba@gmail.com', NULL, '$2y$10$zCV3jxS/.of0fsZXMoPZp.m/lgotbGmomzT5E.YNIpD3v1sCj.I/.', NULL, '2023-02-17 17:59:30', '2023-02-17 17:59:30');
INSERT INTO `users` VALUES (6, 'Hector Arturo Mullisaca Jaen', 'mullisaca.jaen@gmail.com', NULL, '$2y$10$8qSYbmrQZBiJuuthTt/saOakCWTFLLmFW8co9KjsTpw6WGJbYH2sW', NULL, '2023-03-13 15:01:13', '2023-03-13 15:01:13');

SET FOREIGN_KEY_CHECKS = 1;
